isolate.code,source,isolation.latitude,isolation.longitude,habitat,name,speciesname,former.name.1,former.name.2,strain,clone,species,genus,family,order,class,phylum,kingdom,domain,comment,group,mu.rsqrlist,mu.wlist,mu.alist,mu.blist,mu.c.opt.list,mu.c.opt.val.list,mu.g.opt.list,mu.g.opt.val.list,mu.n,tmin,tmax,minqual,maxqual
7,"Southern Ocean, Indian sector",-58,62,marine,Chaetoceros deflandrei,Chaetoceros deflandrei,,,,,deflandrei,Chaetoceros,Chaetocerotaceae,Chaetocerotales,Bacillariophyceae,Ochrophyta,Chromista,Eukaryota,"Latitude approximate. Based on information from Jacques (1983), Fiala & Oriol (1984), & Fiala & Oriol (1990), there are 5 possible isolation locations, all along the same longitude: 48S, 54S, 58S, 60S, and 65S. In the absence of further information from the authors, I have used the median location.",diatoms,0.453877469,54.73300849,0.387864648,0.160492252,-11.05195393,0.065818665,10.78428942,0.795520167,19,-38.41845817,16.31455032,bad,good
8,"Southern Ocean, Indian sector",-58,62,marine,Corethron pennatum,Corethron pennatum,Corethron criophilum,,,,pennatum,Corethron,Corethraceae,Corethrales,Bacillariophyceae,Ochrophyta,Chromista,Eukaryota,"Latitude approximate. Based on information from Jacques (1983), Fiala & Oriol (1984), & Fiala & Oriol (1990), there are 5 possible isolation locations, all along the same longitude: 48S, 54S, 58S, 60S, and 65S. In the absence of further information from the authors, I have used the median location.",diatoms,0.898849698,36.2699846,0.411815644,0.228541607,-11.17516829,0.032027178,3.104546875,0.31813072,10,-29.31016059,6.959824004,bad,good
9,"Southern Ocean, Indian sector",-58,62,marine,Fragilariopsis cylindrus,Fragilariopsis cylindrus,Nitzschia cylindrus,,,,cylindrus,Fragilariopsis,Bacillariaceae,Bacillariales,Bacillariophyceae,Ochrophyta,Chromista,Eukaryota,"Latitude approximate. Based on information from Jacques (1983), Fiala & Oriol (1984), & Fiala & Oriol (1990), there are 5 possible isolation locations, all along the same longitude: 48S, 54S, 58S, 60S, and 65S. In the absence of further information from the authors, I have used the median location.",diatoms,0.771290306,60.78701235,1.154743188,0.154104944,-20.04789488,0.052570416,4.541611732,0.803222422,12,-50.44140105,10.3456113,bad,good
10,"Southern Ocean, Indian sector",-58,62,marine,Fragilariopsis kerguelensis,Fragilariopsis kerguelensis,Nitzschia kerguelensis,,,,kerguelensis,Fragilariopsis,Bacillariaceae,Bacillariales,Bacillariophyceae,Ochrophyta,Chromista,Eukaryota,"Latitude approximate. Based on information from Jacques (1983), Fiala & Oriol (1984), & Fiala & Oriol (1990), there are 5 possible isolation locations, all along the same longitude: 48S, 54S, 58S, 60S, and 65S. In the absence of further information from the authors, I have used the median location.",diatoms,0.963297341,46.72698306,0.945593934,0.209331833,-15.37163266,0.03786553,3.69804854,0.684499727,10,-38.73512419,7.991858874,bad,good
11,"Southern Ocean, Indian sector",-58,62,marine,Pseudo-nitzschia turgiduloides,Pseudo-nitzschia turgiduloides,Nitzschia turgiduloides,,,,turgiduloides,Pseudo-nitzschia,Bacillariaceae,Bacillariales,Bacillariophyceae,Ochrophyta,Chromista,Eukaryota,"Latitude approximate. Based on information from Jacques (1983), Fiala & Oriol (1984), & Fiala & Oriol (1990), there are 5 possible isolation locations, all along the same longitude: 48S, 54S, 58S, 60S, and 65S. In the absence of further information from the authors, I have used the median location.",diatoms,0.981582556,10.43111649,0.643384278,0.029396341,3.850833118,0.720497959,4.248702399,0.724732101,12,-1.364725126,9.066391361,good,good
12,"Southern Ocean, Indian sector",-58,62,marine,Stellarima microtrias,Stellarima microtrias,,,,,microtrias,Stellarima,Coscinodiscaceae,Coscinodiscales,Bacillariophyceae,Ochrophyta,Chromista,Eukaryota,"Latitude approximate. Based on information from Jacques (1983), Fiala & Oriol (1984), & Fiala & Oriol (1990), there are 5 possible isolation locations, all along the same longitude: 48S, 54S, 58S, 60S, and 65S. In the absence of further information from the authors, I have used the median location.",diatoms,0.986057174,53.6380976,1.365336985,0.200531148,-18.77756582,0.031616202,3.514375478,0.853921727,8,-45.59661462,8.041482978,bad,good
13,"Southern Ocean, Indian sector",-58,62,marine,Synedra sp.,Synedra ,,,,,,Synedra,Fragilariaceae,Fragilariales,Bacillariophyceae,Ochrophyta,Chromista,Eukaryota,"Latitude approximate. Based on information from Jacques (1983), Fiala & Oriol (1984), & Fiala & Oriol (1990), there are 5 possible isolation locations, all along the same longitude: 48S, 54S, 58S, 60S, and 65S. In the absence of further information from the authors, I have used the median location.",diatoms,0.952431168,54.91333473,0.763904447,0.263032761,-19.40192814,0.00464179,4.514879836,0.604254194,8,-46.85859551,8.054739224,bad,good
14,"Big Glory Bay, New Zealand",-46.98,168.12,marine,Emiliania huxleyi,Emiliania huxleyi,Coccolithus huxleyi,,,,huxleyi,Emiliania,Noelaerhabdaceae,Isochrysidales,Coccolithophyceae,Haptophyta,Chromista,Eukaryota,,coccolithophores,0.999974775,19.98928113,0.309317557,0.057277263,20.00589356,0.97287079,22.66390315,1.052731206,5,10.01125299,30.00053413,good,good
15,West New Zealand,-42.18,169.5,marine,Emiliania huxleyi R strain TQ26,Emiliania huxleyi,Coccolithus huxleyi,,R strain TQ26,,huxleyi,Emiliania,Noelaerhabdaceae,Isochrysidales,Coccolithophyceae,Haptophyta,Chromista,Eukaryota,,coccolithophores,0.953963831,28.3163893,0.117011206,0.14093529,12.37260556,0.6691488,21.11438303,1.419435423,6,-1.785589088,26.53080021,bad,good
24,SW Pacific Ocean,-36.3,174.81,marine,"Gephyrocapsa oceanica strain AB1, CAWPOT",Gephyrocapsa oceanica,,,"AB1, CAWPOT",,oceanica,Gephyrocapsa,Noelaerhabdaceae,Isochrysidales,Coccolithophyceae,Haptophyta,Chromista,Eukaryota,,coccolithophores,0.81239903,24.90111734,0.26227299,0.068890873,17.68669798,0.886993776,22.29491187,1.051500332,14,5.236139316,30.13725665,good,good
25,"Port River, Australia",-34.8,138.51,estuarine,Alexandrium minutum,Alexandrium minutum,,,,,minutum,Alexandrium,Gonyaulacaceae,Gonyaulacales,Dinophyceae,Dinophyta,Chromista,Eukaryota,,dinoflagellates,0.997451269,59.91049198,2.772977743,-0.078437666,40.47773198,0.115896574,20.67170892,0.308419717,4,10.52248599,70.43297797,good,bad
26,"South Atlantic, off South Africa",-34.28,17.18,marine,Calcidiscus leptoporus strain NS10-2,Calcidiscus leptoporus,,,NS10-2,,leptoporus,Calcidiscus,Calcidiscaceae,Coccolithales,Coccolithophyceae,Haptophyta,Chromista,Eukaryota,,coccolithophores,0.662141489,18.39921116,0.449398741,-0.00630656,15.73266197,0.406950508,15.46532963,0.407292963,6,6.533056387,24.93226755,good,good
30,"Indian Ocean, off S. Africa",-29.82,31.02,marine,Emiliania huxleyi strain S. Africa,Emiliania huxleyi,Coccolithus huxleyi,,S. Africa,,huxleyi,Emiliania,Noelaerhabdaceae,Isochrysidales,Coccolithophyceae,Haptophyta,Chromista,Eukaryota,,coccolithophores,0.944552532,22.78359671,0.221862391,0.062049227,19.96339796,0.765684912,23.58273862,0.861727998,8,8.571599607,31.35519631,good,good
32,"South Atlantic, off Namibia",-25,12,marine,Coccolithus pelagicus ssp. braarudii,Coccolithus pelagicus,Coccolithus braarudii,,N476-2,,pelagicus,Coccolithus,Coccolithaceae,Coccolithales,Coccolithophyceae,Haptophyta,Chromista,Eukaryota,,coccolithophores,0.999998604,24.35257567,0.306056363,0.015830109,15.28252393,0.389823197,16.44662243,0.393444101,4,3.106236092,27.45881176,good,bad
33,"South Atlantic, off Namibia",-23,14,marine,Calcidiscus leptoporus strain N482-1,Calcidiscus leptoporus,,,N482-1,,leptoporus,Calcidiscus,Calcidiscaceae,Coccolithales,Coccolithophyceae,Haptophyta,Chromista,Eukaryota,,coccolithophores,0.924121581,18.20218315,0.142703247,0.06891395,15.88693606,0.426494213,18.50424672,0.468550345,6,6.785844489,24.98802763,good,good
35,"Innisfail, Queensland, Australia",-17.52,146.03,estuarine,Chaetoceros sp. strain CS256,Chaetoceros ,,,CS256,,,Chaetoceros,Chaetocerotaceae,Chaetocerotales,Bacillariophyceae,Ochrophyta,Chromista,Eukaryota,,diatoms,0.672788442,31.46064235,4.071131955,-0.048601079,34.73956116,0.752421142,29.41497705,0.862976378,5,19.00923998,50.46988234,bad,bad
40,"Darwin Harbour, Northern Territory, Australia",-12.48,130.8,estuarine,Cylindrotheca closterium strain NT-6,Cylindrotheca closterium,Nitzschia closterium,,NT-6,,closterium,Cylindrotheca,Bacillariaceae,Bacillariales,Bacillariophyceae,Ochrophyta,Chromista,Eukaryota,,diatoms,0.987616816,21.68905433,2.368726056,-0.068578155,26.80931509,0.376747124,23.21859481,0.429103205,5,15.96478792,37.65384225,good,good
41,"Darwin Harbour, Northern Territory, Australia",-12.48,130.8,estuarine,Nitzschia paleacea strain NT7,Nitzschia paleacea,Nitzschia frustulum,,NT7,,paleacea,Nitzschia,Bacillariaceae,Bacillariales,Bacillariophyceae,Ochrophyta,Chromista,Eukaryota,,diatoms,0.941712656,27.8055505,0.16239799,0.048600913,16.05672962,0.354398424,20.31395823,0.394992951,5,2.153954372,29.95950487,bad,good
45,NA,-11.54,-28.58,marine,Pernambugia tuberosa strain GeoB*74,Pernambugia tuberosa,,,GeoB*74,,tuberosa,Pernambugia,,Peridiniales,Dinophyceae,Dinophyta,Chromista,Eukaryota,,dinoflagellates,0.780770424,21.02794976,0.148948719,0.033923198,22.01882333,0.314363823,23.83795659,0.324364692,9,11.50484845,32.53279821,good,good
49,"Atlantic, off South America",5,-52,marine,Skeletonema tropicum clone S. trop.,Skeletonema tropicum,,,,S. trop.,tropicum,Skeletonema,Skeletonemaceae,Thalassiosirales,Bacillariophyceae,Ochrophyta,Chromista,Eukaryota,,diatoms,0.921807465,24.36362634,0.631231562,0.044536878,24.05133607,1.84243655,27.14348294,1.978230702,10,11.8695229,36.23314924,good,good
50,"Atlantic, off South America",5,-52,marine,Skeletonema tropicum clone 21-L,Skeletonema tropicum,,,,21-L,tropicum,Skeletonema,Skeletonemaceae,Thalassiosirales,Bacillariophyceae,Ochrophyta,Chromista,Eukaryota,,diatoms,0.766030034,28.5546871,0.01347544,0.181390506,19.78064676,0.487305057,29.57245325,1.52457721,7,5.50330321,34.05799031,bad,good
51,Suriname,6,-54,marine,Asterionellopsis glacialis,Asterionellopsis glacialis,Asterionella japonica,,,,glacialis,Asterionellopsis,Fragilariaceae,Fragilariales,Bacillariophyceae,Ochrophyta,Chromista,Eukaryota,,diatoms,0.695898848,43.88771289,0.147851831,0.105424426,13.57776663,0.618711373,27.99883986,1.607666206,11,-8.366089814,35.52162308,bad,good
52,Suriname,6,-54,marine,Odontella mobiliensis,Odontella mobiliensis,Biddulphia mobiliensis,,,,mobiliensis,Odontella,Triceratiaceae,Triceratiales,Bacillariophyceae,Ochrophyta,Chromista,Eukaryota,,diatoms,0.9553816,22.35542442,0.319581137,0.055409614,23.67111214,1.186328338,26.85191783,1.300390787,8,12.49339993,34.84882435,good,good
53,Suriname,6,-54,marine,Chaetoceros didymus,Chaetoceros didymus,,,,,didymus,Chaetoceros,Chaetocerotaceae,Chaetocerotales,Bacillariophyceae,Ochrophyta,Chromista,Eukaryota,,diatoms,0.848328258,24.39965303,2.747470209,-0.027261212,23.17981661,1.460488066,21.20477853,1.500884271,9,10.9799901,35.37964312,good,good
54,Suriname,6,-54,marine,Rhizosolenia setigera,Rhizosolenia setigera,,,,,setigera,Rhizosolenia,Rhizosoleniaceae,Rhizosoleniales,Bacillariophyceae,Ochrophyta,Chromista,Eukaryota,,diatoms,0.957175396,23.66952479,0.786983118,0.019609913,22.67329341,1.22761447,24.02837696,1.244145426,9,10.83853101,34.5080558,good,good
55,Suriname,6,-54,marine,Skeletonema tropicum clone fall,Skeletonema tropicum,,,,fall,tropicum,Skeletonema,Skeletonemaceae,Thalassiosirales,Bacillariophyceae,Ochrophyta,Chromista,Eukaryota,,diatoms,0.711595965,25.99272668,0.806086448,0.030673174,23.26104114,1.645304835,25.75524262,1.710702059,10,10.2646778,36.25740448,good,good
56,Suriname,6,-54,marine,Skeletonema tropicum clone spring,Skeletonema tropicum,,,,spring,tropicum,Skeletonema,Skeletonemaceae,Thalassiosirales,Bacillariophyceae,Ochrophyta,Chromista,Eukaryota,,diatoms,0.775882025,26.84506029,0.018255282,0.168999789,20.64278547,0.597695159,29.3942984,1.507962437,7,7.220255323,34.06531562,bad,good
57,Suriname,6,-54,marine,Thalassionema nitzschioides,Thalassionema nitzschioides,,,,,nitzschioides,Thalassionema,Thalassionemataceae,Thalassionematales,Bacillariophyceae,Ochrophyta,Chromista,Eukaryota,,diatoms,0.697162388,25.95545146,0.182157166,0.088686439,21.09766745,1.18316326,27.01490387,1.583932901,8,8.119941723,34.07539318,good,good
58,"West coast of Sabah, Malaysia",6,116.08,marine,Pyrodinium bahamense var. compressum strain PbSA01,Pyrodinium bahamense,,,PbSA01,,bahamense,Pyrodinium,Goniodomataceae,Gonyaulacales,Dinophyceae,Dinophyta,Chromista,Eukaryota,,dinoflagellates,0.916253581,22.36420613,0.04237006,0.065869549,25.62562958,0.229153171,29.28929381,0.260384334,13,14.44352652,36.80773265,bad,good
59,NA,7.03,-48.23,marine,Leonella granifera strain GeoB*38,Leonella granifera,,,GeoB*38,,granifera,Leonella,,,Dinophyceae,Dinophyta,Chromista,Eukaryota,,dinoflagellates,0.654569859,40.69632029,0.011403741,0.103536531,19.44344906,0.085374607,32.30954387,0.194156894,10,-0.904711083,39.79160921,bad,bad
61,NA,8.71,-52.5,marine,Leonella granifera strain GeoB*39,Leonella granifera,,,GeoB*39,,granifera,Leonella,,,Dinophyceae,Dinophyta,Chromista,Eukaryota,,dinoflagellates,0.932670289,17.53359294,0.033302389,0.099780687,23.25701575,0.339077993,26.55024552,0.404525503,10,14.49021928,32.02381222,good,good
63,West of Costa Rica,9.81,-89.24,marine,Gymnodinium sp. isolate 581 (probably G. simplex),Gymnodinium ,,,isolate 581,,,Gymnodinium,Gymnodiniaceae,Gymnodiniales,Dinophyceae,Dinophyta,Chromista,Eukaryota,,dinoflagellates,0.861427322,16.9637426,0.159365105,0.063421646,23.85117895,0.723339632,25.98823527,0.775748426,22,15.36930765,32.33305025,good,good
64,NA,12.27,-58.33,marine,Calciodinellum albatrosianum Geob*26/5,Calciodinellum albatrosianum,,,Geob*26/5,,albatrosianum,Calciodinellum,Peridiniaceae,Peridiniales,Dinophyceae,Dinophyta,Chromista,Eukaryota,,dinoflagellates,0.416416456,56.20972955,0.145457024,-0.001186752,33.46256252,0.13979386,32.99526306,0.139832738,11,5.357697739,61.56742729,bad,bad
68,"Gulf of Tehuantepec, South of Mexico",14.67,-96.98,marine,Gymnodinium sp. isolate 582 (probably G. simplex),Gymnodinium ,,,isolate 582,,,Gymnodinium,Gymnodiniaceae,Gymnodiniales,Dinophyceae,Dinophyta,Chromista,Eukaryota,,dinoflagellates,0.980546265,18.06025946,0.621352851,0.024860111,23.99434668,1.128225395,24.99489219,1.142440571,24,14.96421695,33.02447641,good,good
74,upwelling zone off Northwest Africa,22.5,-16.5,marine,Stephanopyxis palmeriana,Stephanopyxis palmeriana,,,,,palmeriana,Stephanopyxis,Stephanopyxidaceae,Melosirales,Bacillariophyceae,Ochrophyta,Chromista,Eukaryota,,diatoms,0.975103786,66.06220532,13.43785645,-0.098096697,42.95378932,0.198781506,18.58045017,0.98913339,5,9.922686658,75.98489197,good,bad
81,"off Xiamen, China",24.49,118.11,marine,Skeletonema costatum,Skeletonema costatum,,,,,costatum,Skeletonema,Skeletonemaceae,Thalassiosirales,Bacillariophyceae,Ochrophyta,Chromista,Eukaryota,,diatoms,0.968575873,25.81551663,0.065430687,0.083661643,21.30083818,0.388795883,26.93807172,0.504236723,8,8.393079864,34.20859649,good,good
82,"off Xiamen, China",24.49,118.11,marine,Helicotheca tamesis,Helicotheca tamesis,Streptotheca thamesis,,,,tamesis,Helicotheca,Lithodesmiaceae,Lithodesmiales,Bacillariophyceae,Ochrophyta,Chromista,Eukaryota,,diatoms,0.975535298,23.47428535,0.182809055,0.053489277,20.9643903,0.561051265,24.34244147,0.616485744,5,9.227247622,32.70153297,good,good
83,just outside Gulf of Mexico,25.69,-79.98,marine,Gephyrocapsa oceanica var. typica strain A4727,Gephyrocapsa oceanica,,,A4727,,oceanica,Gephyrocapsa,Noelaerhabdaceae,Isochrysidales,Coccolithophyceae,Haptophyta,Chromista,Eukaryota,,coccolithophores,0.983342729,26.98120944,0.128291308,0.094777874,20.64204664,0.907517469,27.2136357,1.290361531,5,7.151441918,34.13265136,bad,good
84,just outside Gulf of Mexico,25.74,-80.05,marine,Gephyrocapsa oceanica var. typica strain A4725,Gephyrocapsa oceanica,,,A4725,,oceanica,Gephyrocapsa,Noelaerhabdaceae,Isochrysidales,Coccolithophyceae,Haptophyta,Chromista,Eukaryota,,coccolithophores,0.93611936,22.03015528,1.427741945,-0.006543183,25.62081536,1.207379673,25.22549418,1.208947629,5,14.60573772,36.635893,good,bad
85,"Central Basin, Bah’a Concepti—n, Gulf of California, Mexico",26.65,-111.8,estuarine,Gymnodinium catenatum strain GCCV-10,Gymnodinium catenatum,,,GCCV-10,,catenatum,Gymnodinium,Gymnodiniaceae,Gymnodiniales,Dinophyceae,Dinophyta,Chromista,Eukaryota,,dinoflagellates,0.856304607,25.63448618,0.056204628,0.058447969,19.92048095,0.180063711,24.18859962,0.205458029,15,7.103237861,32.73772404,good,good
86,"Manasota, US",27.01,-82.42,marine,Karenia brevis strain MAN,Karenia brevis,,,MAN,,brevis,Karenia,Kareniaceae,Gymnodiniales,Dinophyceae,Dinophyta,Chromista,Eukaryota,,dinoflagellates,0.859926995,16.58110467,0.323585425,-0.018779404,21.27623863,0.217002324,20.63421151,0.218317367,8,12.9856863,29.56679097,good,good
87,Baja California upwelling area,27.5,-115,marine,Thalassiosira rotula clone C8,Thalassiosira rotula,,,,C8,rotula,Thalassiosira,Thalassiosiraceae,Thalassiosirales,Bacillariophyceae,Ochrophyta,Chromista,Eukaryota,,diatoms,0.915493763,32.56416405,0.660099336,0.038421345,17.38093936,1.287154688,22.05376417,1.413424517,21,1.098857339,33.66302139,good,good
89,Sargasso Sea,28.5,-67.39,marine,Synechococcus strain WH8103,Synechococcus ,,,WH8103,,,Synechococcus,Synechococcaceae,Synechococcales,Cyanophyceae,Cyanobacteria,Bacteria,Prokaryota,,cyanobacteria,0.989558406,22.42460755,0.161501269,0.062462097,23.23402202,0.689356623,26.77017664,0.774228835,11,12.02171824,34.44632579,good,good
90,"Bushehr, Persian Gulf",28.9,50.75,marine,Amphiprora sp.,Amphiprora ,,,,,,Amphiprora,Amphipleuraceae,Naviculales,Bacillariophyceae,Ochrophyta,Chromista,Eukaryota,,diatoms,0.975634038,24.35435198,0.041411135,0.118985019,21.81651342,0.555233132,28.20807009,0.860587553,7,9.639337432,33.99368941,good,good
91,"Bushehr, Persian Gulf",28.9,50.75,marine,Chaetoceros lorenzianus clone Bushehr,Chaetoceros lorenzianus,,,,Bushehr,lorenzianus,Chaetoceros,Chaetocerotaceae,Chaetocerotales,Bacillariophyceae,Ochrophyta,Chromista,Eukaryota,,diatoms,0.900894826,25.35282471,0.953861367,0.014296827,23.85779972,1.341587874,24.99943272,1.352604259,8,11.18138737,36.53421208,good,good
93,"Bushehr, Persian Gulf",28.9,50.75,marine,Leptocylindrus danicus,Leptocylindrus danicus,,,,,danicus,Leptocylindrus,Leptocylindraceae,Leptocylindrales,Bacillariophyceae,Ochrophyta,Chromista,Eukaryota,,diatoms,0.943609006,20.72286261,0.138305074,0.089480321,23.54741007,1.137390322,27.61186782,1.384498852,7,13.18597877,33.90884138,good,good
94,Sargasso Sea (120m depth),28.98,-64.35,marine,Prochlorococcus marinus strain SS120,Prochlorococcus marinus,,,SS120,,marinus,Prochlorococcus,Synechococcaceae,Synechococcales,Cyanophyceae,Cyanobacteria,Bacteria,Prokaryota,,cyanobacteria,0.983593046,15.96496094,0.045059774,0.119786981,20.05839129,0.498061746,23.26107388,0.613298504,8,12.07591082,28.04087176,good,good
97,"Apalachicola, US",29.71,-84.98,marine,Karenia brevis strain APA,Karenia brevis,,,APA,,brevis,Karenia,Kareniaceae,Gymnodiniales,Dinophyceae,Dinophyta,Chromista,Eukaryota,,dinoflagellates,0.957952841,20.24796801,0.091422959,0.050912186,21.29092612,0.270281558,23.74853107,0.288256498,8,11.16694211,31.41491012,good,good
106,Sargasso Sea,32,-62,marine,"Emiliania huxleyi strain M181, Bigelow 1A1",Emiliania huxleyi,Coccolithus huxleyi,,"M181, Bigelow 1A1",,huxleyi,Emiliania,Noelaerhabdaceae,Isochrysidales,Coccolithophyceae,Haptophyta,Chromista,Eukaryota,,coccolithophores,0.993502916,29.55871225,0.078803621,0.121795933,15.56499927,0.524640126,24.2610306,0.989198499,7,0.785643147,30.3443554,bad,good
107,Sargasso Sea,32.17,-64.5,marine,Emiliania huxleyi strain CCMP373,Emiliania huxleyi,Coccolithus huxleyi,,"CCMP373, BT-6",,huxleyi,Emiliania,Noelaerhabdaceae,Isochrysidales,Coccolithophyceae,Haptophyta,Chromista,Eukaryota,,coccolithophores,0.999969406,28.971106,0.191375061,0.089071506,14.15540184,0.675246714,21.25522057,0.965583174,4,-0.330151162,28.64095484,bad,good
109,near Bermuda,32.3,-64.7,marine,Chaetoceros lorenzianus clone Bermuda,Chaetoceros lorenzianus,,,,Bermuda,lorenzianus,Chaetoceros,Chaetocerotaceae,Chaetocerotales,Bacillariophyceae,Ochrophyta,Chromista,Eukaryota,,diatoms,0.697842826,45.69249409,0.037548628,0.149988078,13.09753248,0.267765226,30.22984683,1.53062378,9,-9.748714562,35.94377953,bad,good
110,Bermuda,32.3,-64.7,marine,Men. 5 (Diatom), ,,,,,,,,,Bacillariophyceae,Ochrophyta,Chromista,Eukaryota,,diatoms,0.851317921,26.94015327,0.575222434,0.040576386,23.8604586,1.514632292,27.30088507,1.627934522,10,10.39038196,37.33053523,good,good
116,"Scripps Institute of Oceanography pier, California, US",32.87,-117.26,marine,Akashiwo sanguinea,Akashiwo sanguinea,Gymnodinium splendens,Gymodinium sanguineum,,,sanguinea,Akashiwo,,,Dinophyceae,Dinophyta,Chromista,Eukaryota,,dinoflagellates,0.942888607,20.53195237,0.054703127,0.076643412,19.82706889,0.250018541,23.38200038,0.288952985,18,9.5610927,30.09304507,good,good
117,"Goto Islands, Japan",32.93,128.26,marine,Cochlodinium polykrikoides strain 02B1,Cochlodinium polykrikoides,,,02B1,,polykrikoides,Cochlodinium,Gymnodiniaceae,Gymnodiniales,Dinophyceae,Dinophyta,Chromista,Eukaryota,,dinoflagellates,0.984475444,25.15546197,0.050819957,0.09339369,22.37753601,0.41084244,28.18608002,0.556029224,18,9.799805023,34.95526699,good,good
118,"Goto Islands, Japan",32.93,128.26,marine,Cochlodinium polykrikoides strain 02B2,Cochlodinium polykrikoides,,,02B2,,polykrikoides,Cochlodinium,Gymnodiniaceae,Gymnodiniales,Dinophyceae,Dinophyta,Chromista,Eukaryota,,dinoflagellates,0.95876481,25.45980252,0.046729971,0.093939385,22.43093966,0.384342625,28.38039593,0.525303994,18,9.701038403,35.16084093,good,bad
119,"Nama wan, Japan",33.03,129.08,marine,Cochlodinium polykrikoides strain KG8-ND14,Cochlodinium polykrikoides,,,KG8-ND14,,polykrikoides,Cochlodinium,Gymnodiniaceae,Gymnodiniales,Dinophyceae,Dinophyta,Chromista,Eukaryota,,dinoflagellates,0.988966746,32.68695401,0.027852717,0.128451568,17.40545233,0.260522225,27.72294214,0.589697738,18,1.061975325,33.74892934,bad,good
123,"Suo-Nada, Western Seto Inland Sea, Japan",33.81,131.34,marine,Karenia mikimotoi,Karenia mikimotoi,Gymnodinium nagasakiense,,,,mikimotoi,Karenia,Kareniaceae,Gymnodiniales,Dinophyceae,Dinophyta,Chromista,Eukaryota,,dinoflagellates,0.996305795,36.41561626,0.024626451,0.15016712,13.39133825,0.183967629,26.11964833,0.636109244,5,-4.81646988,31.59914638,bad,good
126,"Cape Fear River, North Carolina",34,-77.94,estuarine,Pseudo-nitzschia americana,Pseudo-nitzschia americana,Nitzschia americana,,,,americana,Pseudo-nitzschia,Bacillariaceae,Bacillariales,Bacillariophyceae,Ochrophyta,Chromista,Eukaryota,,diatoms,0.991225534,32.9710467,1.700663288,0.018309959,25.05486056,2.690620437,27.48939047,2.751918181,5,8.569337209,41.54038391,good,bad
129,"Aso Bay, Tshushima, Nagasaki Prefecture, Japan",34.31,129.24,marine,Cochlodinium polykrikoides strain 03H1,Cochlodinium polykrikoides,,,03H1,,polykrikoides,Cochlodinium,Gymnodiniaceae,Gymnodiniales,Dinophyceae,Dinophyta,Chromista,Eukaryota,,dinoflagellates,0.970140798,25.74359727,0.137619095,0.053928121,23.59271667,0.491175041,27.62006713,0.550575273,17,10.72091803,36.4645153,good,bad
132,"Harima-Nada, Eastern Seto Inland Sea, Japan",34.5,134.58,marine,Eucampia zodiacus,Eucampia zodiacus,,,,,zodiacus,Eucampia,Hemiaulaceae,Hemiaulales,Bacillariophyceae,Ochrophyta,Chromista,Eukaryota,Growth rates estimated from nonlinear fitting. One value presented was measured in previous study.,diatoms,0.984761901,56.87758417,0.185663395,0.153371255,0.286436425,0.194001608,22.94311006,2.288625141,6,-28.15235566,28.72522851,bad,good
138,"Sagami Bay, Japan",35.15,139.35,marine,Biceratium furca,Biceratium furca,Ceratium furca,,,,furca,Biceratium,Ceratiaceae,Gonyaulacales,Dinophyceae,Dinophyta,Chromista,Eukaryota,,dinoflagellates,0.970349451,21.59744643,0.121444807,0.066565797,21.17035474,0.49704543,24.64981831,0.561538893,12,10.37163152,31.96907795,good,good
139,"Sagami Bay, Japan",35.15,139.35,marine,Neoceratium fusus,Neoceratium fusus,Ceratium fusus,,,,fusus,Neoceratium,Ceratiaceae,Gonyaulacales,Dinophyceae,Dinophyta,Chromista,Eukaryota,,dinoflagellates,0.915427003,22.44312697,0.053398066,0.09249535,20.72286268,0.363050875,25.4947875,0.462411471,12,9.501299194,31.94442617,good,good
140,Sagami Bay,35.15,139.35,marine,Chaetoceros pseudocurvisetus,Chaetoceros pseudocurvisetus,,,,,pseudocurvisetus,Chaetoceros,Chaetocerotaceae,Chaetocerotales,Bacillariophyceae,Ochrophyta,Chromista,Eukaryota,,diatoms,0.994251854,19.91283116,2.063847613,-0.01164492,24.99063748,1.542736883,24.41590163,1.547921446,5,15.0342219,34.94705306,good,good
146,Tokyo Bay,35.5,140,marine,Skeletonema costatum,Skeletonema costatum,,,,,costatum,Skeletonema,Skeletonemaceae,Thalassiosirales,Bacillariophyceae,Ochrophyta,Chromista,Eukaryota,,diatoms,0.984826495,32.62759366,0.645173777,0.036457275,18.57892891,1.270107498,23.06399847,1.382677953,8,2.265132082,34.89272574,good,good
169,"Monterrey Bay, CA, USA",36.61,-121.89,marine,Peridinium sp. strain 1,Peridinium ,,,1,,,Peridinium,Peridiniaceae,Peridiniales,Dinophyceae,Dinophyta,Chromista,Eukaryota,,dinoflagellates,0.803487196,22.40254929,0.625220422,-0.005239772,18.26938695,0.568145094,17.9411089,0.568634376,20,7.068112304,29.47066159,good,good
170,"Monterrey Bay, CA, USA",36.61,-121.89,marine,Prorocentrum gracile,Prorocentrum gracile,,,,,gracile,Prorocentrum,Prorocentraceae,Prorocentrales,Dinophyceae,Dinophyta,Chromista,Eukaryota,,dinoflagellates,0.917378311,16.94404326,0.433951119,0.016072336,16.37900743,0.564635732,16.95163289,0.567252954,10,7.906985802,24.85102906,good,good
171,"Monterrey Bay, CA, USA",36.61,-121.89,marine,Prorocentrum micans,Prorocentrum micans,,,,,micans,Prorocentrum,Prorocentraceae,Prorocentrales,Dinophyceae,Dinophyta,Chromista,Eukaryota,,dinoflagellates,0.924914161,25.4674782,0.064178875,0.101278445,17.31819609,0.370789337,23.55714388,0.530062939,20,4.584456988,30.05193519,good,good
173,"Potomac estuary, USA",38.22,-76.85,estuarine,Gyrodinium uncatenum strain GYRO,Gyrodinium uncatenum,,,GYRO,,uncatenum,Gyrodinium,Gymnodiniaceae,Gymnodiniales,Dinophyceae,Dinophyta,Chromista,Eukaryota,,dinoflagellates,0.876502025,28.07013578,0.081707832,0.071482014,21.76476656,0.387199169,27.59066745,0.486032813,19,7.729698665,35.79983445,good,good
181,Slope Water (near US E. coast),38.4,-73.4,marine,Chaetoceros lorenzianus clone Slope water,Chaetoceros lorenzianus,,,,Slope water,lorenzianus,Chaetoceros,Chaetocerotaceae,Chaetocerotales,Bacillariophyceae,Ochrophyta,Chromista,Eukaryota,,diatoms,0.873520986,50.81457283,0.075029008,0.131743062,10.63932329,0.304762212,29.56568197,1.641693852,9,-14.76796313,36.0466097,bad,good
188,39¡36'N 70¡06'W (continental shelf edge),39.6,-70.1,marine,Conticribra guillardii clone 7-15,Conticribra guillardii,Thalassiosira guillardi ,Cyclotella nana ,,15-Jul,guillardii,Conticribra,Thalassiosiraceae,Thalassiosirales,Bacillariophyceae,Ochrophyta,Chromista,Eukaryota,,diatoms,0.998636963,28.1382629,1.325494676,0.008496659,15.82393141,1.516244077,16.66148716,1.521660864,5,1.754799963,29.89306286,good,good
191,"Sandy Hook, NJ, USA",40.44,-73.98,marine,Cylindrotheca closterium,Cylindrotheca closterium,Nitzschia closterium,,,,closterium,Cylindrotheca,Bacillariaceae,Bacillariales,Bacillariophyceae,Ochrophyta,Chromista,Eukaryota,,diatoms,0.99996909,26.98372843,0.450199244,0.010922461,21.25820623,0.567864125,22.24638066,0.570947125,4,7.766342016,34.75007045,good,good
194,"Great South Bay, Long Island, NY, USA",40.68,-73.13,estuarine,Phaeodactylum tricornutum,Phaeodactylum tricornutum,Nitzschia closterium forma minutissima,,,,tricornutum,Phaeodactylum,Phaeodactylaceae,Naviculales,Bacillariophyceae,Ochrophyta,Chromista,Eukaryota,,diatoms,0.988172045,29.28736549,0.410273901,-0.01605096,15.16337582,0.321641717,13.46490003,0.326084364,6,0.519693072,29.80705856,good,good
198,"Forge River, Moriches Bay, NY, USA",40.78,-72.81,estuarine,"Thalassiosira pseudonana clone CCMP1335, 3H, NEPCC 58",Thalassiosira pseudonana,Cyclotella nana ,,,"CCMP1335, 3H, NEPCC 58",pseudonana,Thalassiosira,Thalassiosiraceae,Thalassiosirales,Bacillariophyceae,Ochrophyta,Chromista,Eukaryota,,diatoms,0.695529074,38.8871048,0.211491453,0.094450835,14.34904867,0.820131113,25.90045323,1.579977411,52,-5.094503731,33.79260106,bad,good
200,"Senix Creek, Moriches bay, NY, USA",40.79,-72.8,estuarine,Thalassiosira pseudonana clone 5A,Thalassiosira pseudonana,Cyclotella nana ,,,5A,pseudonana,Thalassiosira,Thalassiosiraceae,Thalassiosirales,Bacillariophyceae,Ochrophyta,Chromista,Eukaryota,,diatoms,0.99954191,28.68627116,0.543171853,0.065617167,15.94643515,1.546555766,21.63513902,1.892991849,5,1.603299573,30.28957073,good,bad
205,"tank in Milford, CT, USAÊ",41.23,-73.06,marine,"Skeletonema marinoi clone CCMP1332, Skel.",Skeletonema marinoi,Skeletonema costatum,,,"CCMP1332, Skel.",marinoi,Skeletonema,Skeletonemaceae,Thalassiosirales,Bacillariophyceae,Ochrophyta,Chromista,Eukaryota,,diatoms,0.954802363,80.24922516,0.217434696,0.122135701,-9.007353751,0.072369076,23.75689552,1.318867819,11,-49.13196633,31.11725883,bad,good
206,"Woods Hole Harbour, MA, USA",41.53,-70.67,marine,Skeletonema costatum,Skeletonema costatum,,,,,costatum,Skeletonema,Skeletonemaceae,Thalassiosirales,Bacillariophyceae,Ochrophyta,Chromista,Eukaryota,,diatoms,0.931238141,31.88085229,0.604906117,0.02037996,20.56254021,0.919782308,23.08868041,0.944055511,20,4.622114067,36.50296636,good,bad
210,"Narragansett Bay, RI, USA",41.57,-71.34,estuarine,Asterionellopsis glacialis,Asterionellopsis glacialis,Asterionella glacialis,,,,glacialis,Asterionellopsis,Fragilariaceae,Fragilariales,Bacillariophyceae,Ochrophyta,Chromista,Eukaryota,,diatoms,0.910292287,72.22483187,0.319236982,0.13002056,-5.886091277,0.148505328,23.34490479,2.290348952,8,-41.99850721,30.22632466,bad,good
211,"Narragansett Bay, RI, USA",41.57,-71.34,estuarine,Detonula confervacea,Detonula confervacea,,,,,confervacea,Detonula,Skeletonemaceae,Thalassiosirales,Bacillariophyceae,Ochrophyta,Chromista,Eukaryota,,diatoms,0.693290437,17.29224782,1.464007519,-0.064439761,9.432186068,0.797215488,7.186515206,0.859191459,16,0.786062158,18.07830998,good,good
214,"Narragansett Bay, RI, USA",41.57,-71.34,estuarine,Dactyliosolen fragilissimus,Dactyliosolen fragilissimus,Rhizosolenia fragilissima,,,,fragilissimus,Dactyliosolen,Rhizosoleniaceae,Rhizosoleniales,Bacillariophyceae,Ochrophyta,Chromista,Eukaryota,,diatoms,0.904288647,106.7520716,10.25976212,-0.086331734,60.27174066,0.056408568,17.2368938,0.810721171,86,6.895704854,113.6477765,good,bad
216,"Narragansett Bay, RI, USA",41.57,-71.34,estuarine,Thalassiosira nordenskioeldii clone TN-2,Thalassiosira nordenskioeldii,,,,TN-2,nordenskioeldii,Thalassiosira,Thalassiosiraceae,Thalassiosirales,Bacillariophyceae,Ochrophyta,Chromista,Eukaryota,,diatoms,0.700572749,20.52219032,0.518014161,0.098889479,5.425335963,0.885817747,9.720040388,1.117249172,12,-4.835759195,15.68643112,good,good
217,"Narragansett Bay, RI, USA",41.57,-71.34,estuarine,Thalassiosira rotula clone A8,Thalassiosira rotula,,,,A8,rotula,Thalassiosira,Thalassiosiraceae,Thalassiosirales,Bacillariophyceae,Ochrophyta,Chromista,Eukaryota,,diatoms,0.750108403,30.13073167,0.476852107,0.04545779,14.8570926,0.936900405,19.52169736,1.047163656,20,-0.20827323,29.92245844,good,good
218,"Chase Garden Creek, Dennis, MA, USA",41.73,-70.23,estuarine,Phaeodactylum tricornutum clone Pet Pd,Phaeodactylum tricornutum,Nitzschia closterium forma minutissima,,,PetPD,tricornutum,Phaeodactylum,Phaeodactylaceae,Naviculales,Bacillariophyceae,Ochrophyta,Chromista,Eukaryota,,diatoms,0.809324121,26.8164449,0.34869178,0.070898613,16.89745941,1.155391839,22.25382203,1.419544966,12,3.489236963,30.30568186,bad,bad
219,"Mill Pond, Cape Cod, MA, USA",41.79,-69.95,estuarine,Alexandrium tamarense clone GTMP,Alexandrium tamarense,Protogonyaulax tamarensis,,,GTMP,tamarense,Alexandrium,Gonyaulacaceae,Gonyaulacales,Dinophyceae,Dinophyta,Chromista,Eukaryota,,dinoflagellates,0.845565411,21.98264648,0.139321058,0.048445921,15.00866227,0.288267684,17.75243334,0.308731612,10,4.017339028,25.99998551,good,good
220,"Cape Cod, MA, USA",41.9,-70.32,marine,Asterionellopsis glacialis,Asterionellopsis glacialis,Asterionella japonica,,,,glacialis,Asterionellopsis,Fragilariaceae,Fragilariales,Bacillariophyceae,Ochrophyta,Chromista,Eukaryota,,diatoms,0.433503828,72.41653514,0.461899005,0.082654428,-7.898971148,0.240437773,18.17843301,0.998862622,11,-44.10723872,28.30929642,bad,good
221,"Cape Cod, MA, USA",41.9,-70.32,marine,Rhizosolenia setigera,Rhizosolenia setigera,,,,,setigera,Rhizosolenia,Rhizosoleniaceae,Rhizosoleniales,Bacillariophyceae,Ochrophyta,Chromista,Eukaryota,,diatoms,0.938278532,19.05000777,0.568095124,-0.007279955,10.60633402,0.525881151,10.27695763,0.526513293,8,1.081330133,20.1313379,good,good
223,"Cape Cod, MA, USA",41.9,-70.32,marine,Thalassionema nitzschioides,Thalassionema nitzschioides,,,,,nitzschioides,Thalassionema,Thalassionemataceae,Thalassionematales,Bacillariophyceae,Ochrophyta,Chromista,Eukaryota,,diatoms,0.908373991,81.66111922,0.386154148,0.107285447,-13.48941559,0.090832636,19.07092476,1.08775224,11,-54.3199752,27.34114402,bad,good
225,"Galician Rias Bajas, northwest Spain",42.43,-8.95,estuarine,Gymnodinium catenatum,Gymnodinium catenatum,,,,,catenatum,Gymnodinium,Gymnodiniaceae,Gymnodiniales,Dinophyceae,Dinophyta,Chromista,Eukaryota,,dinoflagellates,0.861921563,21.82143905,0.02149366,0.133772571,18.36798455,0.250858872,24.11874221,0.391005312,13,7.457265026,29.27870408,good,good
231,Mediterranean Sea (surface),43.2,6.87,marine,Prochlorococcus marinus strain MED4 (clade 2),Prochlorococcus marinus,,,MED4,,marinus,Prochlorococcus,Synechococcaceae,Synechococcales,Cyanophyceae,Cyanobacteria,Bacteria,Prokaryota,,cyanobacteria,0.989456622,23.20467225,0.016034194,0.171908863,16.39537414,0.268602798,23.55714254,0.56947801,8,4.793038008,27.99771026,bad,good
232,"Gulf of Marseille, Mediterranean Sea",43.32,5.32,marine,Prorocentrum minimum,Prorocentrum minimum,,,,,minimum,Prorocentrum,Prorocentraceae,Prorocentrales,Dinophyceae,Dinophyta,Chromista,Eukaryota,,dinoflagellates,0.739233346,24.28520764,0.248802163,0.047447902,20.092491,0.645486689,23.33986138,0.699158063,74,7.949887184,32.23509483,good,good
233,"off Monhegan Island, Gulf of Maine, USA",43.56,-69.45,marine,Alexandrium fundyense strain MI,Alexandrium fundyense,,,MI,,fundyense,Alexandrium,Gonyaulacaceae,Gonyaulacales,Dinophyceae,Dinophyta,Chromista,Eukaryota,,dinoflagellates,0.914589114,21.04352298,0.127795925,0.072778795,13.40371123,0.338979831,16.96930785,0.388951738,5,2.881949739,23.92547272,good,good
234,Saromako Lagoon,44.14,143.79,marine,Detonula confervacea,Detonula confervacea,,,,,confervacea,Detonula,Skeletonemaceae,Thalassiosirales,Bacillariophyceae,Ochrophyta,Chromista,Eukaryota,,diatoms,0.976033926,25.12847348,0.524932362,0.096272292,2.441150786,0.664001627,8.356173568,0.913402092,6,-10.12308595,15.00538752,bad,good
235,Saromako Lagoon,44.14,143.79,marine,Thalassiosira nordenskioeldii,Thalassiosira nordenskioeldii,,,,,nordenskioeldii,Thalassiosira,Thalassiosiraceae,Thalassiosirales,Bacillariophyceae,Ochrophyta,Chromista,Eukaryota,,diatoms,0.976850609,76.39745115,0.617399663,0.120712008,-18.18626647,0.068732065,12.61583436,0.990229979,7,-56.38499204,20.01245911,bad,good
239,Bay of Fundy,44.7,-66.51,marine,Alexandrium fundyense strain BoF,Alexandrium fundyense,,,BoF,,fundyense,Alexandrium,Gonyaulacaceae,Gonyaulacales,Dinophyceae,Dinophyta,Chromista,Eukaryota,,dinoflagellates,0.894091384,22.14423931,0.115588933,0.046625478,13.07049983,0.212609792,15.75863192,0.226793821,5,1.998380173,24.14261948,good,good
240,Northeast Pacific,45,-145,marine,Pseudo-nitzschia granii,Pseudo-nitzschia granii,,,,,granii,Pseudo-nitzschia,Bacillariaceae,Bacillariales,Bacillariophyceae,Ochrophyta,Chromista,Eukaryota,,diatoms,0.868516311,19.75950202,0.898999398,0.0019933,13.63229011,0.923763061,13.7308047,0.923852611,10,3.752539098,23.51204112,good,good
242,"Pomquet Harbour, Nova Scotia, Canada",45.64,-61.84,marine,Pseudo-nitzschia multiseries,Pseudo-nitzschia multiseries,Nitzschia pungens f. multiseries,,,,multiseries,Pseudo-nitzschia,Bacillariaceae,Bacillariales,Bacillariophyceae,Ochrophyta,Chromista,Eukaryota,,diatoms,0.959190569,58.33919097,0.088259483,0.104669883,1.449496896,0.102719278,22.58950319,0.445767394,5,-27.72009859,30.61909238,bad,bad
256,"Friday Harbour, WA, USA",48.54,-123.01,marine,Skeletonema costatum clone FHS 3,Skeletonema costatum,,,,FHS 3,costatum,Skeletonema,Skeletonemaceae,Thalassiosirales,Bacillariophyceae,Ochrophyta,Chromista,Eukaryota,,diatoms,0.556521066,27.79196697,0.478869185,0.04315888,14.04347952,0.877896149,17.89035061,0.957018248,17,0.14749603,27.939463,good,good
257,"Friday Harbour, WA, USA",48.54,-123.01,marine,Skeletonema costatum clone FHS 7,Skeletonema costatum,,,,FHS 7,costatum,Skeletonema,Skeletonemaceae,Thalassiosirales,Bacillariophyceae,Ochrophyta,Chromista,Eukaryota,,diatoms,0.872587119,94.64576804,0.250448673,0.127831788,-16.11111015,0.031936258,24.0311604,1.516010573,11,-63.43399417,31.21177387,bad,good
259,"Vancouver, Canada",49.28,-123.17,marine,Phaeodactylum tricornutum strain NEPCC 640,Phaeodactylum tricornutum,Nitzschia closterium forma minutissima,,NEPCC 640,,tricornutum,Phaeodactylum,Phaeodactylaceae,Naviculales,Bacillariophyceae,Ochrophyta,Chromista,Eukaryota,,diatoms,0.999996689,25.24600419,0.577759038,-0.007955433,17.37937334,0.50315408,16.74631609,0.504422591,4,4.75637125,30.00237544,bad,good
260,NE Pacific Ocean,49.67,-144.67,marine,Emiliania huxleyi strain Van556,Emiliania huxleyi,Coccolithus huxleyi,,Van556,,huxleyi,Emiliania,Noelaerhabdaceae,Isochrysidales,Coccolithophyceae,Haptophyta,Chromista,Eukaryota,,coccolithophores,0.971312678,112.2523413,0.468835325,0.097054096,-28.9919332,0.028119568,17.76853015,0.804514042,6,-85.11810387,27.13423746,bad,good
262,"off Plymouth, England",50.35,-4.15,marine,Phaeodactylum tricornutum strain CCAP 1052/1A,Phaeodactylum tricornutum,Nitzschia closterium forma minutissima,,CCAP 1052/1A,,tricornutum,Phaeodactylum,Phaeodactylaceae,Naviculales,Bacillariophyceae,Ochrophyta,Chromista,Eukaryota,,diatoms,0.838360887,48.27928838,0.074241976,0.14473025,3.706374034,0.126945028,21.90669747,0.763189853,4,-20.43327016,27.84601823,bad,good
320,"Limfjord, Denmark",56.57,9.07,estuarine,Alexandrium ostenfeldii clone LF-37,Alexandrium osterfeldii,,,,LF-37,osterfeldii,Alexandrium,Gonyaulacaceae,Gonyaulacales,Dinophyceae,Dinophyta,Chromista,Eukaryota,,dinoflagellates,0.989714731,17.1849883,0.046075786,0.079387433,17.68193749,0.187543569,20.33422812,0.209440455,10,9.089443345,26.27443164,good,good
324,Northern Baltic,58.88,20.32,marine,Gymnodinium corollarium clone GCTV-B4,Gymnodinium corollarium,,,GCTV-B4,,corollarium,Gymnodinium,Gymnodiniaceae,Gymnodiniales,Dinophyceae,Dinophyta,Chromista,Eukaryota,,dinoflagellates,0.862814267,13.25211812,0.401869671,-0.059491039,4.107868132,0.314739871,2.849833517,0.326972173,6,-2.518190927,10.73392719,good,good
329,"Oslofjord, Norway",59.45,10.52,estuarine,Karlodinium veneficum strain KT76E,Karlodinium veneficum,Gymnodinium galatheanum,,KT76E,,veneficum,Karlodinium,Kareniaceae,Gymnodiniales,Dinophyceae,Dinophyta,Chromista,Eukaryota,,dinoflagellates,0.978257848,37.30297462,0.07574573,0.114448515,8.642591711,0.203672613,20.50252323,0.47144134,5,-10.0088956,27.29407902,bad,good
330,"Oslofjord, Norway",59.45,10.52,estuarine,Gymnodinium aureolum,Gymnodinium aureolum,Gyrodinium aureolum,,,,aureolum,Gymnodinium,Gymnodiniaceae,Gymnodiniales,Dinophyceae,Dinophyta,Chromista,Eukaryota,,dinoflagellates,0.994674703,24.20864379,0.929123417,-0.039317074,23.03175094,0.375666025,20.29785511,0.396957356,5,10.92742904,35.13607283,good,bad
344,"Dr¿bak Sound, Oslofjord, Norway",59.67,10.61,estuarine,Biceratium furca,Biceratium furca,Ceratium furca,,,,furca,Biceratium,Ceratiaceae,Gonyaulacales,Dinophyceae,Dinophyta,Chromista,Eukaryota,,dinoflagellates,0.970213941,21.24833577,0.041685678,0.094295034,16.34041288,0.194606076,20.74705841,0.244133011,5,5.716244997,26.96458077,good,good
345,"Dr¿bak Sound, Oslofjord, Norway",59.67,10.61,estuarine,Neoceratium fusus,Neoceratium fusus,Ceratium fusus var. seta,,,,fusus,Neoceratium,Ceratiaceae,Gonyaulacales,Dinophyceae,Dinophyta,Chromista,Eukaryota,,dinoflagellates,0.94603317,24.38762759,0.23375506,-0.015855164,17.28974264,0.177708064,16.12133425,0.179368722,5,5.09592885,29.48355644,good,good
346,"Dr¿bak Sound, Oslofjord, Norway",59.67,10.61,estuarine,Neoceratium lineatum,Neoceratium lineatum,Ceratium lineatum,,,,lineatum,Neoceratium,Ceratiaceae,Gonyaulacales,Dinophyceae,Dinophyta,Chromista,Eukaryota,,dinoflagellates,0.966041916,27.64601878,0.047242363,0.084589558,15.14056168,0.170038422,21.50728615,0.229555601,5,1.317552291,28.96357107,good,good
347,"Dr¿bak Sound, Oslofjord, Norway",59.67,10.61,estuarine,Ceratium tripos var. atlanticum,Ceratium tripos,,,,,tripos,Ceratium,Ceratiaceae,Gonyaulacales,Dinophyceae,Dinophyta,Chromista,Eukaryota,,dinoflagellates,0.779773951,68.63176827,0.125376411,0.048731565,-3.141589252,0.107579051,16.32153791,0.188396101,5,-37.45747339,31.17429488,bad,bad
348,Iceland Basin,60,-20,marine,Emiliania huxleyi strain G1779Ga,Emiliania huxleyi,Coccolithus huxleyi,,G1779Ga,,huxleyi,Emiliania,Noelaerhabdaceae,Isochrysidales,Coccolithophyceae,Haptophyta,Chromista,Eukaryota,,coccolithophores,0.981334416,30.99915738,0.222627194,0.086222476,14.62927828,0.785932718,22.38965324,1.149860838,7,-0.870300411,30.12885697,bad,good
353,Norway,60.43,5.63,marine,Emiliania huxleyi strain B92/21,Emiliania huxleyi,Coccolithus huxleyi,,B92/21,,huxleyi,Emiliania,Noelaerhabdaceae,Isochrysidales,Coccolithophyceae,Haptophyta,Chromista,Eukaryota,,coccolithophores,0.981355168,81.68244218,0.189067134,0.138993296,-13.8087931,0.027737145,20.46674854,0.961369611,8,-54.65001419,27.03242799,bad,good
358,Norwegian Sea,66,2,marine,Emiliania huxleyi clone M,Emiliania huxleyi,Coccolithus huxleyi,,,M,huxleyi,Emiliania,Noelaerhabdaceae,Isochrysidales,Coccolithophyceae,Haptophyta,Chromista,Eukaryota,,coccolithophores,0.979850053,21.22175864,0.046143218,0.123467527,16.46564248,0.352384236,21.71487,0.508848689,5,5.854763159,27.07652179,good,good
361,"Resolute Passage, Canada",74.65,-95.2,marine,Chaetoceros sp.,Chaetoceros ,,,,,,Chaetoceros,Chaetocerotaceae,Chaetocerotales,Bacillariophyceae,Ochrophyta,Chromista,Eukaryota,,diatoms,0.950837269,25.77786131,0.499181424,0.018029413,2.074894956,0.518209055,3.553257612,0.525205341,5,-10.8140357,14.96382561,bad,good
362,"Resolute Passage, Canada",74.65,-95.2,marine,Nitzschia frigida,Nitzschia frigida,,,,,frigida,Nitzschia,Bacillariaceae,Bacillariales,Bacillariophyceae,Ochrophyta,Chromista,Eukaryota,,diatoms,0.930344568,42.73580765,0.927829891,0.235088255,-16.35659236,0.019838126,1.176828069,0.399730243,4,-37.72449619,5.01131146,bad,good
364,"Gulf stream current, North Atlantic",37.51,-68.24,marine,Prochlorococcus marinus strain MIT9312 (clade 1),Prochlorococcus marinus,,,MIT9312,,marinus,Prochlorococcus,Synechococcaceae,Synechococcales,Cyanophyceae,Cyanobacteria,Bacteria,Prokaryota,,cyanobacteria,0.948104085,17.48573979,0.023559033,0.138328577,21.33228231,0.450506977,25.44666293,0.619660285,14,12.58941241,30.0751522,good,good
365,Equatorial Pacific,0,-140,marine,Prochlorococcus marinus strain MIT9215 (clade 1),Prochlorococcus marinus,,,MIT9215,,marinus,Prochlorococcus,Synechococcaceae,Synechococcales,Cyanophyceae,Cyanobacteria,Bacteria,Prokaryota,,cyanobacteria,0.936679338,19.49300738,0.047381267,0.092117236,23.46848259,0.411610977,27.19960463,0.495373898,15,13.7219789,33.21498628,good,good
366,Tropical Pacific,-5.7,-107.1,marine,Prochlorococcus marinus strain MIT9515 (clade 2),Prochlorococcus marinus,,,MIT9515,,marinus,Prochlorococcus,Synechococcaceae,Synechococcales,Cyanophyceae,Cyanobacteria,Bacteria,Prokaryota,,cyanobacteria,0.960167394,54.66316743,0.019036501,0.1787662,1.799730907,0.026261114,24.10391555,0.472884996,11,-25.53185281,29.13131462,bad,good
367,"Mississippi Sound, USA",30.23,-88.8,marine,Alexandrium monilatum,Alexandrium monilatum,,,,,monilatum,Alexandrium,Gonyaulacaceae,Gonyaulacales,Dinophyceae,Dinophyta,Chromista,Eukaryota,,dinoflagellates,0.999936742,18.26731291,0.048114155,0.100802576,24.67548993,0.578784,28.23945961,0.702755015,4,15.54183347,33.80914638,good,good
368,North Atlantic,39,-49.3,marine,Prochlorococcus marinus strain NATL2A,Prochlorococcus marinus,,,NATL2A,,marinus,Prochlorococcus,Synechococcaceae,Synechococcales,Cyanophyceae,Cyanobacteria,Bacteria,Prokaryota,,cyanobacteria,0.905451524,21.10846968,0.013693807,0.169067479,17.62382994,0.26949778,23.80593903,0.503473636,11,7.069595093,28.17806478,bad,good
369,"Gulf stream current, North Atlantic",37.51,-68.24,marine,Prochlorococcus marinus strain MIT9313,Prochlorococcus marinus,,,MIT9313,,marinus,Prochlorococcus,Synechococcaceae,Synechococcales,Cyanophyceae,Cyanobacteria,Bacteria,Prokaryota,,cyanobacteria,0.859889324,24.88368027,0.00259738,0.223915628,17.7020124,0.136764499,26.45534636,0.49035705,12,5.26017226,30.14385253,bad,good
370,"Harima-Nada, Eastern Seto Inland Sea, Japan",34.5,134.58,marine,Coscinodiscus wailesii,Coscinodiscus wailesii,,,,,wailesii,Coscinodiscus,Coscinodiscaceae,Coscinodiscales,Bacillariophyceae,Ochrophyta,Chromista,Eukaryota,,diatoms,0.855408167,66.94220505,0.136916027,0.107951938,-1.606201027,0.115120025,23.85961432,0.75768248,6,-35.07730355,31.8649015,bad,good
372,"Perch Pond, Falmouth, MA, USA",41.56,-70.58,estuarine,Scrippsiella trochoidea strain ScrpMxB,Scripsiella trochoidea,Glenodinium trochoideum,,ScrpMxB,,trochoidea,Scripsiella,Peridiniaceae,Peridiniales,Dinophyceae,Dinophyta,Chromista,Eukaryota,,dinoflagellates,0.951854211,40.57397234,0.197231128,0.078200011,4.540659556,0.281309618,15.73444958,0.469540582,16,-15.74632661,24.82764573,bad,good
402,"Maine (isolated from G.L. by F. Jacoff), USA",43.94,-68.73,marine,Alexandrium tamarense clone GT-6,Alexandrium tamarense,Protogonyaulax tamarensis,,,GT-6,tamarense,Alexandrium,Gonyaulacaceae,Gonyaulacales,Dinophyceae,Dinophyta,Chromista,Eukaryota,location approximate,dinoflagellates,0.999992527,30.53816912,0.095030551,0.104674958,9.733317889,0.26323129,18.19103884,0.442252996,5,-5.535766672,25.00240245,bad,good
403,unknown,NA,NA,marine,Chaetoceros affinis,Chaetoceros affinis,,,,,affinis,Chaetoceros,Chaetocerotaceae,Chaetocerotales,Bacillariophyceae,Ochrophyta,Chromista,Eukaryota,,diatoms,0.943985634,21.87613784,0.192680004,0.095768864,19.10160298,1.200351392,23.78186879,1.535128758,9,8.16353406,30.0396719,good,good
404,Japan,NA,NA,marine,Chaetoceros calcitrans,Chaetoceros calcitrans,,,,,calcitrans,Chaetoceros,Chaetocerotaceae,Chaetocerotales,Bacillariophyceae,Ochrophyta,Chromista,Eukaryota,,diatoms,0.857516487,18.40175742,2.987856773,-0.031271891,24.19523962,1.402035942,22.89805344,1.431057828,12,14.99436091,33.39611833,good,good
406,unknown,NA,NA,marine,Chaetoceros gracilis strain NEPCC 645,Chaetoceros gracilis,,,NEPCC 645,,gracilis,Chaetoceros,Chaetocerotaceae,Chaetocerotales,Bacillariophyceae,Ochrophyta,Chromista,Eukaryota,,diatoms,0.795311747,25.05282411,0.419754588,0.067997252,17.88000989,1.415816624,22.49144604,1.674707834,18,5.353597842,30.40642195,good,bad
407,"probably from Hawaii; obtained from SERI, Golden, Colorado",NA,NA,marine,Chaetoceros gracilis strain S/CHAET-1,Chaetoceros gracilis,,,S/CHAET-1,,gracilis,Chaetoceros,Chaetocerotaceae,Chaetocerotales,Bacillariophyceae,Ochrophyta,Chromista,Eukaryota,,diatoms,0.99431545,26.82689135,0.459433165,0.054490709,26.71465068,1.969812671,31.09360978,2.234140458,8,13.30120501,40.12809636,good,good
411,CCAP,NA,NA,marine,Conticribra weissflogii,Conticribra weissflogii,Thalassiosira weissflogii,,,,weissflogii,Conticribra,Thalassiosiraceae,Thalassiosirales,Bacillariophyceae,Ochrophyta,Chromista,Eukaryota,,diatoms,0.928972906,62.09633114,10.2085162,-0.124981684,39.19741292,0.076097767,15.13588578,0.614933895,5,8.149247351,70.24557849,good,bad
412,CCAP,NA,NA,marine,Coscinodiscus sp.,Coscinodiscus ,,,,,,Coscinodiscus,Coscinodiscaceae,Coscinodiscales,Bacillariophyceae,Ochrophyta,Chromista,Eukaryota,,diatoms,0.679315229,63.91396092,6.65661281,-0.136635916,40.62599668,0.025852202,15.16036033,0.306140121,5,8.669016215,72.58297714,good,bad
414,unknown,NA,NA,marine,Cylindrotheca closterium,Cylindrotheca closterium,Nitzschia closterium,,,,closterium,Cylindrotheca,Bacillariaceae,Bacillariales,Bacillariophyceae,Ochrophyta,Chromista,Eukaryota,,diatoms,0.735390566,32.19725148,0.296892852,0.024413615,22.47873582,0.51396671,25.52785341,0.533823878,12,6.380110084,38.57736156,bad,bad
415,obtained from TJ Smayda,NA,NA,marine,Ditylum brightwellii,Ditylum brightwellii,,,,,brightwellii,Ditylum,Lithodesmiaceae,Lithodesmiales,Bacillariophyceae,Ochrophyta,Chromista,Eukaryota,,diatoms,0.995985955,68.10934385,0.192522776,0.130049366,-2.019217716,0.148059835,25.20354425,1.842725266,5,-36.07388964,32.03545421,bad,good
416,CCAP,NA,NA,marine,Ditylum brightwellii,Ditylum brightwellii,,,,,brightwellii,Ditylum,Lithodesmiaceae,Lithodesmiales,Bacillariophyceae,Ochrophyta,Chromista,Eukaryota,,diatoms,0.841183803,33.77901923,0.552984055,0.013912419,18.73662856,0.717663636,20.69080036,0.727570261,6,1.847118939,35.62613817,bad,bad
421,unknown,NA,NA,marine,Emiliania huxleyi,Emiliania huxleyi,Coccolithus huxleyi,,,,huxleyi,Emiliania,Noelaerhabdaceae,Isochrysidales,Coccolithophyceae,Haptophyta,Chromista,Eukaryota,,coccolithophores,0.857413,18.79512496,0.241616043,0.069368601,19.46537767,0.932282495,22.25782296,1.031639402,17,10.06781519,28.86294015,good,good
422,"obtained from MBL, Plymouth",NA,NA,marine,Emiliania huxleyi clone P3,Emiliania huxleyi,Coccolithus huxleyi,,,P3,huxleyi,Emiliania,Noelaerhabdaceae,Isochrysidales,Coccolithophyceae,Haptophyta,Chromista,Eukaryota,,coccolithophores,0.995805483,24.79503557,0.011404447,0.211949659,13.16796614,0.185851745,21.71492775,0.596795813,7,0.770448351,25.56548392,good,good
423,"obtained from MBL, Plymouth",NA,NA,marine,Emiliania huxleyi clone P8,Emiliania huxleyi,Coccolithus huxleyi,,,P8,huxleyi,Emiliania,Noelaerhabdaceae,Isochrysidales,Coccolithophyceae,Haptophyta,Chromista,Eukaryota,,coccolithophores,0.980543209,24.49958565,0.014985386,0.212308813,11.75615966,0.181819017,20.17002247,0.573133836,7,-0.493633163,24.00595249,bad,good
430,CCAP,NA,NA,marine,Phaeodactylum tricornutum,Phaeodactylum tricornutum,Nitzschia closterium forma minutissima,,,,tricornutum,Phaeodactylum,Phaeodactylaceae,Naviculales,Bacillariophyceae,Ochrophyta,Chromista,Eukaryota,,diatoms,0.99747126,39.87976363,0.215658806,0.107027058,10.03999686,0.631595329,22.71745383,1.461463955,5,-9.899884953,29.97987867,bad,good
432,unknown,NA,NA,marine,Phaeodactylum tricornutum,Phaeodactylum tricornutum,Nitzschia closterium forma minutissima,,,,tricornutum,Phaeodactylum,Phaeodactylaceae,Naviculales,Bacillariophyceae,Ochrophyta,Chromista,Eukaryota,,diatoms,0.887800622,32.30354982,0.574828636,0.057312838,13.74744123,1.263924508,20.07609728,1.537655402,10,-2.404333681,29.89921614,bad,good
434,unknown,NA,NA,marine,Pleurochrysis carterae,Pleurochrysis carterae,Cricosphaera carterae,,,,carterae,Pleurochrysis,Pleurochrysidaceae,Coccolithales,Coccolithophyceae,Haptophyta,Chromista,Eukaryota,,coccolithophores,0.812741886,19.53343034,0.114042492,0.052650217,17.78413857,0.290879725,20.14783121,0.310133273,13,8.017423401,27.55085374,good,good
436,CCAP,NA,NA,marine,Skeletonema costatum,Skeletonema costatum,,,,,costatum,Skeletonema,Skeletonemaceae,Thalassiosirales,Bacillariophyceae,Ochrophyta,Chromista,Eukaryota,,diatoms,0.924896768,33.2436146,0.512709202,0.025980033,17.96823816,0.817723487,21.4004524,0.855871334,5,1.346430858,34.59004546,bad,bad
450,"Dokai Bay, Japan",33.93,130.83,marine,Skeletonema costatum s.s. strain FDK009,Skeletonema costatum,,,FDK009,,costatum,Skeletonema,Skeletonemaceae,Thalassiosirales,Bacillariophyceae,Ochrophyta,Chromista,Eukaryota,,diatoms,0.985043192,30.32904405,0.368910953,0.058240793,19.87845921,1.174141498,25.61681131,1.405232394,6,4.713937191,35.04298124,bad,good
451,"Dokai Bay, Japan",33.93,130.83,marine,Skeletonema pseudocostatum strain FDK225,Skeletonema pseudocostatum,,,FDK225,,pseudocostatum,Skeletonema,Skeletonemaceae,Thalassiosirales,Bacillariophyceae,Ochrophyta,Chromista,Eukaryota,,diatoms,0.905020393,64.71757079,0.225548547,0.108101198,2.712372076,0.302398623,27.11736364,1.823897938,6,-29.64641332,35.07115747,bad,good
452,"Dokai Bay, Japan",33.93,130.83,marine,Skeletonema marinoi_dohrnii complex strain FDK031,Skeletonema marinoi-dohrnii,,,FDK031,,marinoi-dohrnii,Skeletonema,Skeletonemaceae,Thalassiosirales,Bacillariophyceae,Ochrophyta,Chromista,Eukaryota,,diatoms,0.948874996,81.56000786,0.504031019,0.084486538,-5.679357225,0.311939289,24.94702031,1.808331062,6,-46.45936115,35.1006467,bad,good
453,"Dokai Bay, Japan",33.93,130.83,marine,Skeletonema marinoi_dohrnii complex strain FDK032,Skeletonema marinoi-dohrnii,,,FDK032,,marinoi-dohrnii,Skeletonema,Skeletonemaceae,Thalassiosirales,Bacillariophyceae,Ochrophyta,Chromista,Eukaryota,,diatoms,0.974155615,77.83420415,0.418041532,0.089669759,-3.854360678,0.295882138,25.47642071,1.773413115,6,-42.77146275,35.0627414,bad,good
454,"Dokai Bay, Japan",33.93,130.83,marine,Skeletonema marinoi_dohrnii complex strain FDK033,Skeletonema marinoi-dohrnii,,,FDK033,,marinoi-dohrnii,Skeletonema,Skeletonemaceae,Thalassiosirales,Bacillariophyceae,Ochrophyta,Chromista,Eukaryota,,diatoms,0.898735101,78.81759388,0.431901664,0.085625154,-4.253965464,0.300050708,25.16984957,1.649375221,6,-43.6627624,35.15483148,bad,good
455,"Dokai Bay, Japan",33.93,130.83,marine,Skeletonema marinoi_dohrnii complex strain FDK035,Skeletonema marinoi-dohrnii,,,FDK035,,marinoi-dohrnii,Skeletonema,Skeletonemaceae,Thalassiosirales,Bacillariophyceae,Ochrophyta,Chromista,Eukaryota,,diatoms,0.97703716,92.67112394,0.357953649,0.098274389,-11.30979905,0.117794304,25.954553,1.62035413,6,-57.64536102,35.02576292,bad,good
456,"Dokai Bay, Japan",33.93,130.83,marine,Skeletonema marinoi_dohrnii complex strain FDK039,Skeletonema marinoi-dohrnii,,,FDK039,,marinoi-dohrnii,Skeletonema,Skeletonemaceae,Thalassiosirales,Bacillariophyceae,Ochrophyta,Chromista,Eukaryota,,diatoms,0.974670116,83.22815686,0.577225092,0.079400187,-6.540361393,0.34341045,24.34368497,1.791584334,6,-48.15443982,35.07371704,bad,good
457,"Dokai Bay, Japan",33.93,130.83,marine,Skeletonema japonicum strain FDK154,Skeletonema japonicum,,,FDK154,,japonicum,Skeletonema,Skeletonemaceae,Thalassiosirales,Bacillariophyceae,Ochrophyta,Chromista,Eukaryota,,diatoms,0.948882792,92.94744836,0.574935861,0.10013808,-16.42195326,0.111029465,21.12642591,1.65576587,5,-62.89567744,30.05177092,bad,good
458,"Dokai Bay, Japan",33.93,130.83,marine,Skeletonema japonicum strain FDK157,Skeletonema japonicum,,,FDK157,,japonicum,Skeletonema,Skeletonemaceae,Thalassiosirales,Bacillariophyceae,Ochrophyta,Chromista,Eukaryota,,diatoms,0.859173541,76.95428039,0.350517313,0.11281545,-8.431526219,0.13539598,22.18957032,1.570925479,5,-46.90866641,30.04561398,bad,good
459,"Dokai Bay, Japan",33.93,130.83,marine,Skeletonema japonicum strain FDK158,Skeletonema japonicum,,,FDK158,,japonicum,Skeletonema,Skeletonemaceae,Thalassiosirales,Bacillariophyceae,Ochrophyta,Chromista,Eukaryota,,diatoms,0.991354819,82.63035132,0.385510441,0.115169817,-11.29336304,0.104995104,22.24042569,1.704012659,5,-52.6085387,30.02181262,bad,good
460,"Dokai Bay, Japan",33.93,130.83,marine,Skeletonema japonicum strain FDK159,Skeletonema japonicum,,,FDK159,,japonicum,Skeletonema,Skeletonemaceae,Thalassiosirales,Bacillariophyceae,Ochrophyta,Chromista,Eukaryota,,diatoms,0.949122671,69.83956904,0.2306605,0.127464164,-4.913607758,0.123302172,23.03109683,1.562128441,5,-39.83339228,30.00617676,bad,good
461,"Dokai Bay, Japan",33.93,130.83,marine,Skeletonema japonicum strain FDK161,Skeletonema japonicum,,,FDK161,,japonicum,Skeletonema,Skeletonemaceae,Thalassiosirales,Bacillariophyceae,Ochrophyta,Chromista,Eukaryota,,diatoms,0.96913082,81.05310657,0.370675819,0.113582419,-10.4938972,0.11255091,22.17399421,1.611184428,5,-51.02045049,30.03265609,bad,good
462,"Dokai Bay, Japan",33.93,130.83,marine,Skeletonema tropicum strain FDK199,Skeletonema tropicum,,,FDK199,,tropicum,Skeletonema,Skeletonemaceae,Thalassiosirales,Bacillariophyceae,Ochrophyta,Chromista,Eukaryota,,diatoms,0.978036086,25.40048379,0.732335127,0.024733323,22.40379646,1.274562902,24.35209536,1.306009536,6,9.703554566,35.10403836,good,good
463,"Dokai Bay, Japan",33.93,130.83,marine,Skeletonema tropicum strain FDK202,Skeletonema tropicum,,,FDK202,,tropicum,Skeletonema,Skeletonemaceae,Thalassiosirales,Bacillariophyceae,Ochrophyta,Chromista,Eukaryota,,diatoms,0.962948577,25.8079144,0.378761746,0.052124454,22.14230025,1.201183595,26.07774814,1.337515223,6,9.238343046,35.04625745,good,good
464,"Dokai Bay, Japan",33.93,130.83,marine,Skeletonema tropicum strain FDK204,Skeletonema tropicum,,,FDK204,,tropicum,Skeletonema,Skeletonemaceae,Thalassiosirales,Bacillariophyceae,Ochrophyta,Chromista,Eukaryota,,diatoms,0.976000304,25.47055925,0.535472048,0.047518686,22.32859939,1.547157078,25.88285886,1.689144463,6,9.593319764,35.06387902,good,good
465,"Dokai Bay, Japan",33.93,130.83,marine,Skeletonema tropicum strain FDK205,Skeletonema tropicum,,,FDK205,,tropicum,Skeletonema,Skeletonemaceae,Thalassiosirales,Bacillariophyceae,Ochrophyta,Chromista,Eukaryota,,diatoms,0.953670427,26.28715863,0.328153077,0.064992388,21.91759917,1.363700583,26.76665394,1.614531757,6,8.77401985,35.06117848,good,good
466,"Dokai Bay, Japan",33.93,130.83,marine,Skeletonema tropicum strain FDK207,Skeletonema tropicum,,,FDK207,,tropicum,Skeletonema,Skeletonemaceae,Thalassiosirales,Bacillariophyceae,Ochrophyta,Chromista,Eukaryota,,diatoms,0.991565261,25.15350032,0.494205098,0.050212467,22.45761298,1.526301489,26.09600946,1.678898259,6,9.880862819,35.03436314,good,good
467,"Dokai Bay, Japan",33.93,130.83,marine,Skeletonema menzelii strain FDK221,Skeletonema menzelii,,,FDK221,,menzelii,Skeletonema,Skeletonemaceae,Thalassiosirales,Bacillariophyceae,Ochrophyta,Chromista,Eukaryota,,diatoms,0.906598805,32.72584887,1.203224637,0.01878021,23.2961221,1.863602057,25.75313498,1.907606139,7,6.933197671,39.65904654,good,good
468,"Dokai Bay, Japan",33.93,130.83,marine,Skeletonema menzelii strain DM08080630,Skeletonema menzelii,,,DM08080630,,menzelii,Skeletonema,Skeletonemaceae,Thalassiosirales,Bacillariophyceae,Ochrophyta,Chromista,Eukaryota,,diatoms,0.985884535,39.32522829,0.420419886,0.064740553,20.36433078,1.571289612,29.92204306,2.22802454,7,0.701716636,40.02694493,bad,good
469,"Dokai Bay, Japan",33.93,130.83,marine,Skeletonema menzelii strain DM08080730,Skeletonema menzelii,,,DM08080730,,menzelii,Skeletonema,Skeletonemaceae,Thalassiosirales,Bacillariophyceae,Ochrophyta,Chromista,Eukaryota,,diatoms,0.920187356,62.67904995,0.165007459,0.109096492,8.742844131,0.428291615,32.22899221,2.434271253,7,-22.59668084,40.08236911,bad,good
470,"Dokai Bay, Japan",33.93,130.83,marine,Skeletonema menzelii strain FDK222,Skeletonema menzelii,,,FDK222,,menzelii,Skeletonema,Skeletonemaceae,Thalassiosirales,Bacillariophyceae,Ochrophyta,Chromista,Eukaryota,,diatoms,0.926430947,32.26560075,1.90044814,0.000742761,23.43937585,1.933824355,23.53551391,1.933893771,7,7.306575472,39.57217622,good,good
471,"Dokai Bay, Japan",33.93,130.83,marine,Skeletonema ardens strain FDK003,Skeletonema ardens,,,FDK003,,ardens,Skeletonema,Skeletonemaceae,Thalassiosirales,Bacillariophyceae,Ochrophyta,Chromista,Eukaryota,,diatoms,0.932676178,36.12338818,0.173239466,0.092021883,22.00343409,1.312215594,32.21440273,2.28476728,7,3.941740001,40.06512818,bad,good
472,"Dokai Bay, Japan",33.93,130.83,marine,Skeletonema ardens strain FDK004,Skeletonema ardens,,,FDK004,,ardens,Skeletonema,Skeletonemaceae,Thalassiosirales,Bacillariophyceae,Ochrophyta,Chromista,Eukaryota,,diatoms,0.964976194,25.22038322,0.354441974,0.059146707,22.44058866,1.336529455,26.62628439,1.523352378,6,9.830397047,35.05078026,good,good
473,"Dokai Bay, Japan",33.93,130.83,marine,Skeletonema ardens strain FDK005,Skeletonema ardens,,,FDK005,,ardens,Skeletonema,Skeletonemaceae,Thalassiosirales,Bacillariophyceae,Ochrophyta,Chromista,Eukaryota,,diatoms,0.873339266,35.14973106,0.143034719,0.094618685,22.51268792,1.203763681,32.45212757,2.096931245,7,4.937822386,40.08755345,bad,good
474,"Dokai Bay, Japan",33.93,130.83,marine,Skeletonema ardens strain FDK006,Skeletonema ardens,,,FDK006,,ardens,Skeletonema,Skeletonemaceae,Thalassiosirales,Bacillariophyceae,Ochrophyta,Chromista,Eukaryota,,diatoms,0.914301739,39.67965641,0.14651917,0.098031317,20.22521765,1.064074827,32.33269658,2.188323141,7,0.385389444,40.06504586,bad,good
475,"Dokai Bay, Japan",33.93,130.83,marine,Skeletonema ardens strain FDK007,Skeletonema ardens,,,FDK007,,ardens,Skeletonema,Skeletonemaceae,Thalassiosirales,Bacillariophyceae,Ochrophyta,Chromista,Eukaryota,,diatoms,0.936676601,36.52917721,0.166949206,0.092194265,21.79935446,1.245715171,32.19556026,2.195993962,7,3.534765852,40.06394306,bad,good
476,"Aysen Region, Chile",-46.66,-75.92,marine,Alexandrium catenella strain ACC02,Alexandrium catenella,,,ACC02,,catenella,Alexandrium,Gonyaulacaceae,Gonyaulacales,Dinophyceae,Dinophyta,Chromista,Eukaryota,,dinoflagellates,0.488137091,23.24192374,0.001458983,0.41775794,4.744520362,0.010588837,14.21595447,0.185881033,4,-6.876441508,16.36548223,bad,good
477,"Guam, Northern Mariana Islands",13.83,144.75,marine,Phaeodactylum tricornutum strain CCMP633,Phaeodactylum tricornutum,Nitzschia closterium forma minutissima,,CCMP633,,tricornutum,Phaeodactylum,Phaeodactylaceae,Naviculales,Bacillariophyceae,Ochrophyta,Chromista,Eukaryota,,diatoms,0.965930937,77.94186547,0.224165717,0.110581838,-8.946467871,0.083351677,22.01669828,0.943282384,4,-47.9174006,30.02446486,bad,good
542,"Gulf of Naples, Italy",40.96,14.25,marine,Thalassiosira rotula strain CCAP1085_21,Thalassiosira rotula,,,CCAP1085_21,,rotula,Thalassiosira,Thalassiosiraceae,Thalassiosirales,Bacillariophyceae,Ochrophyta,Chromista,Eukaryota,,diatoms,0.985125651,31.58520276,0.379442478,0.04392338,14.21372264,0.708406262,19.15521215,0.793956233,15,-1.578878743,30.00632402,bad,good
543,"Gulf of Naples, Italy",40.75,14.33,marine,Thalassiosira rotula strain CCMP1647,Thalassiosira rotula,,,CCMP1647,,rotula,Thalassiosira,Thalassiosiraceae,Thalassiosirales,Bacillariophyceae,Ochrophyta,Chromista,Eukaryota,,diatoms,0.981516339,26.01750927,0.249963255,0.057850734,16.992631,0.668041374,21.34035494,0.763126322,15,3.98387636,30.00138563,good,good
544,"Gulf of Naples, Italy",40.49,14.14,marine,Thalassiosira rotula strain CCMP3264,Thalassiosira rotula,,,CCMP3264,,rotula,Thalassiosira,Thalassiosiraceae,Thalassiosirales,Bacillariophyceae,Ochrophyta,Chromista,Eukaryota,,diatoms,0.984946952,29.15346867,0.46598401,0.034532758,15.46187669,0.794801637,18.92418951,0.845209512,15,0.885142355,30.03861102,good,good
545,"Puget Sound, WA, USA",49.65,-127.43,marine,Thalassiosira rotula strain CCMP3096,Thalassiosira rotula,,,CCMP3096,,rotula,Thalassiosira,Thalassiosiraceae,Thalassiosirales,Bacillariophyceae,Ochrophyta,Chromista,Eukaryota,,diatoms,0.943834875,36.30052812,0.318354187,0.053306819,11.87295001,0.599486682,19.21701889,0.74156905,15,-6.277314049,30.02321407,bad,good
546,"Seto inland sea, Japan",34.17,133.33,marine,Thalassiosira rotula strain JpnTR18,Thalassiosira rotula,,,JpnTR18,,rotula,Thalassiosira,Thalassiosiraceae,Thalassiosirales,Bacillariophyceae,Ochrophyta,Chromista,Eukaryota,,diatoms,0.89311019,41.23410678,0.311447369,0.054415346,9.418165019,0.51994502,18.65973944,0.686978722,15,-11.19888837,30.03521841,bad,good
548,"St. Croix, US Virgin Islands",17.79,-64.82,marine,"Thalassiosira pseudonana strain CCMP1011, STX97",Thalassiosira pseudonana,,,"CCMP1011, STX97",,pseudonana,Thalassiosira,Thalassiosiraceae,Thalassiosirales,Bacillariophyceae,Ochrophyta,Chromista,Eukaryota,,diatoms,0.938652623,47.2967031,0.092019828,0.137286388,6.517845997,0.22516098,23.97345231,1.125664538,29,-17.13050555,30.16619755,bad,good
549,"Swann River estuary, Perth, Australia",-31.99,115.83,estuarine,"Thalassiosira pseudonana strain CCMP1012, SWAN1",Thalassiosira pseudonana,,,"CCMP1012, SWAN1",,pseudonana,Thalassiosira,Thalassiosiraceae,Thalassiosirales,Bacillariophyceae,Ochrophyta,Chromista,Eukaryota,,diatoms,0.932921897,27.01362154,0.140759321,0.106235823,17.05968578,0.862125837,24.11013405,1.326505726,30,3.552875009,30.56649655,bad,good
550,"Conwy, Gwynedd, Wales, UK",53.28,-3.83,estuarine,"Thalassiosira pseudonana strain CCMP1013, W",Thalassiosira pseudonana,,,"CCMP1013, W",,pseudonana,Thalassiosira,Thalassiosiraceae,Thalassiosirales,Bacillariophyceae,Ochrophyta,Chromista,Eukaryota,,diatoms,0.922178726,33.13446347,0.116977453,0.111992649,16.61182726,0.751734916,26.50267792,1.464648543,36,0.044595522,33.17905899,bad,good
551,North Pacific gyre,28,-155,marine,"Thalassiosira pseudonana strain CCMP1014, FCRG66",Thalassiosira pseudonana,,,"CCMP1014, FCRG66",,pseudonana,Thalassiosira,Thalassiosiraceae,Thalassiosirales,Bacillariophyceae,Ochrophyta,Chromista,Eukaryota,,diatoms,0.915924771,69.2690772,0.113093359,0.138173368,-1.470119687,0.09230352,26.67578114,1.531632663,32,-36.10465829,33.16441891,bad,good
552,"San Juan Island, WA, USA",48.54,-123.01,marine,"Thalassiosira pseudonana strain CCMP1015, ARC5",Thalassiosira pseudonana,,,"CCMP1015, ARC5",,pseudonana,Thalassiosira,Thalassiosiraceae,Thalassiosirales,Bacillariophyceae,Ochrophyta,Chromista,Eukaryota,,diatoms,0.899665137,62.69904572,0.143215856,0.121942507,2.446313942,0.192994681,26.65048809,1.491583965,33,-28.90320892,33.7958368,bad,good
553,"North Atlantic, off Portugal",39.5,-9.33,marine,"Conticribra weissflogii strain CCMP1053, SA",Conticribra weissflogii,Thalassiosira weissflogii ,,"CCMP1053, SA",,weissflogii,Conticribra,Thalassiosiraceae,Thalassiosirales,Bacillariophyceae,Ochrophyta,Chromista,Eukaryota,,diatoms,0.993593336,20.83908834,0.143393974,0.087349948,15.65293767,0.562774602,19.68540345,0.680521042,20,5.233393498,26.07248184,good,good
554,"North Pacific, off coast of WA, USA",47.91,-124.664,marine,Akashiwo sanguinea strain BWA,Akashiwo sanguinea,,,BWA,,sanguinea,Akashiwo,,,Dinophyceae,Dinophyta,Chromista,Eukaryota,,dinoflagellates,0.974387205,27.89243399,0.12340436,0.05016097,19.06104395,0.3210468,23.45401892,0.360483865,25,5.114826952,33.00726094,bad,good
555,"North Pacific, off coast of WA, USA",47.91,-124.664,marine,Akashiwo sanguinea strain GBB,Akashiwo sanguinea,,,GBB,,sanguinea,Akashiwo,,,Dinophyceae,Dinophyta,Chromista,Eukaryota,,dinoflagellates,0.929956723,30.78059733,0.143270277,0.048223149,19.6567898,0.369682746,24.743752,0.420844176,30,4.266491133,35.04708846,bad,good
556,"Santa Cruz, CA, USA",36.96,-122.02,marine,Akashiwo sanguinea strain RMB,Akashiwo sanguinea,,,RMB,,sanguinea,Akashiwo,,,Dinophyceae,Dinophyta,Chromista,Eukaryota,,dinoflagellates,0.961149589,23.16325066,0.502258041,-0.015855758,23.30948304,0.347069304,22.25441025,0.349995337,30,11.72785771,34.89110837,good,good
557,"Los Angeles, CA, USA",33.91,-118.4,marine,Akashiwo sanguinea strain YRB,Akashiwo sanguinea,,,YRB,,sanguinea,Akashiwo,,,Dinophyceae,Dinophyta,Chromista,Eukaryota,,dinoflagellates,0.914087136,34.93574339,0.114565415,0.056967339,17.29149198,0.306800056,24.4985318,0.383813388,30,-0.176379714,34.75936368,bad,good
558,Southern ocean,-57.85,139.85,marine,Proboscia inermis,Proboscia ,,,,,,Proboscia,Rhizosoleniaceae,Rhizosoleniales,Bacillariophyceae,Ochrophyta,Chromista,Eukaryota,,diatoms,0.738307333,11.37440653,0.234488477,0.112625562,2.123679131,0.297849106,3.788610388,0.328488293,45,-3.563524133,7.810882396,good,good
564,"Hong Kong, China",22.18,114.23,marine,Prorocentrum donghaiense,Prorocentrum donghaiense,,,,,donghaiense,Prorocentrum,Prorocentraceae,Prorocentrales,Dinophyceae,Dinophyta,Chromista,Eukaryota,,dinoflagellates,0.943088456,29.02687146,0.086131085,0.07946553,21.63957396,0.480809232,28.26458024,0.644368593,15,7.126138227,36.15300969,bad,bad
565,"North Atlantic, off FL, USA",28,-79.27,marine,Synechococcus sp. strain CCFWC 502,Synechococcus ,,,CCFWC 502,,,Synechococcus,Synechococcaceae,Synechococcales,Cyanophyceae,Cyanobacteria,Bacteria,Prokaryota,,cyanobacteria,0.959842748,31.80190167,0.194968584,0.043233914,27.98361951,0.653720461,32.92174456,0.731250757,18,12.08266868,43.88457035,good,bad
622,"Narragansett Bay, RI, USA",41.57,-71.39,marine,S. dohrnii,,,,SdohA,,dohrnii,Skeletonema,Skeletonemaceae,Thalassiosirales,Bacillariophyceae,Ochrophyta,Chromista,Eukaryota,,diatoms,,38.10355,0.55716,0.06225,15.00715,1.418063574,23.9,1.929245762,8,-2,34.1,good,good
624,"Narragansett Bay, RI, USA",41.57,-71.39,marine,S. dohrnii,,,,SkelB,,dohrnii,Skeletonema,Skeletonemaceae,Thalassiosirales,Bacillariophyceae,Ochrophyta,Chromista,Eukaryota,,diatoms,,37.31982,0.80816,0.0393,16.40409,1.539850782,22.5,1.747867074,6,-2,35.1,good,good
625,"Narragansett Bay, RI, USA",41.43,-71.46,marine,S. grethae,,,,CCMP1804,,grethae,Skeletonema,Skeletonemaceae,Thalassiosirales,Bacillariophyceae,Ochrophyta,Chromista,Eukaryota,,diatoms,,31.63381,1.29371,0.01561,19.45739,1.752851548,21.4,1.779564598,7,3.6,35.3,good,good
626,"Narragansett Bay, RI, USA",41.57,-71.39,marine,S. grethae,,,,SgreA,,grethae,Skeletonema,Skeletonemaceae,Thalassiosirales,Bacillariophyceae,Ochrophyta,Chromista,Eukaryota,,diatoms,,36.16978,0.4276,0.07146,16.06207,1.347469545,24.9,1.928808466,8,-2,34.1,good,good
628,"Narragansett Bay, RI, USA",41.23,-73.06,marine,S. marinoi,,,,CCMP1332,,marinoi,Skeletonema,Skeletonemaceae,Thalassiosirales,Bacillariophyceae,Ochrophyta,Chromista,Eukaryota,,diatoms,,28.73716,0.65545,0.04707,15.67684,1.370911165,20.1,1.52823816,6,1.3,30,good,good
629,"Narragansett Bay, RI, USA",41.57,-71.39,marine,S. marinoi,,,,SkelF,,marinoi,Skeletonema,Skeletonemaceae,Thalassiosirales,Bacillariophyceae,Ochrophyta,Chromista,Eukaryota,,diatoms,,29.00074,0.55296,0.05436,15.52706,1.286057541,20.6,1.487041362,6,1,30,good,good
630,"Narragansett Bay, RI, USA",41.57,-71.39,marine,S. marinoi,,,,SmarA,,marinoi,Skeletonema,Skeletonemaceae,Thalassiosirales,Bacillariophyceae,Ochrophyta,Chromista,Eukaryota,,diatoms,,49.21648,0.37654,0.09842,5.5367,0.649333399,22,1.813137213,8,-2,30.1,good,good
631,"Narragansett Bay, RI, USA",41.57,-71.39,marine,S. marinoi,,,,SmarB,,marinoi,Skeletonema,Skeletonemaceae,Thalassiosirales,Bacillariophyceae,Ochrophyta,Chromista,Eukaryota,,diatoms,,36.83668,0.4545,0.07263,11.66338,1.06030216,20.9,1.552296532,7,-2,30.1,good,good
632,"Narragansett Bay, RI, USA",41.57,-71.39,marine,S. marinoi,,,,SmarC,,marinoi,Skeletonema,Skeletonemaceae,Thalassiosirales,Bacillariophyceae,Ochrophyta,Chromista,Eukaryota,,diatoms,,38.75105,0.47234,0.0751,10.72045,1.056593001,20.9,1.643016371,8,-2,30.1,good,good
633,"Narragansett Bay, RI, USA",41.57,-71.39,marine,S. marinoi,,,,SmarD,,marinoi,Skeletonema,Skeletonemaceae,Thalassiosirales,Bacillariophyceae,Ochrophyta,Chromista,Eukaryota,,diatoms,,38.17512,0.39219,0.08638,11.0906,1.022240887,21.8,1.766563624,9,-2,30.2,good,good
634,"Narragansett Bay, RI, USA",41.57,-71.39,marine,S. marinoi,,,,SmarE,,marinoi,Skeletonema,Skeletonemaceae,Thalassiosirales,Bacillariophyceae,Ochrophyta,Chromista,Eukaryota,,diatoms,,36.4545,0.52324,0.0646,11.83152,1.123671178,20.3,1.522721984,7,-2,30.1,good,good
635,"Narragansett Bay, RI, USA",41.57,-71.39,marine,S. marinoi,,,,SmarF,,marinoi,Skeletonema,Skeletonemaceae,Thalassiosirales,Bacillariophyceae,Ochrophyta,Chromista,Eukaryota,,diatoms,,32.99255,0.7347,0.05037,13.57434,1.455641183,19.5,1.708764305,7,-2,30.1,good,good
636,"Narragansett Bay, RI, USA",41.57,-71.39,marine,S. marinoi,,,,SmarH,,marinoi,Skeletonema,Skeletonemaceae,Thalassiosirales,Bacillariophyceae,Ochrophyta,Chromista,Eukaryota,,diatoms,,38.34283,0.56858,0.06238,13.31532,1.304730371,22.3,1.783308316,8,-2,32.5,good,good
637,"Narragansett Bay, RI, USA",41.57,-70.58,marine,S. menzelii,,,,CCMP793,,menzelii,Skeletonema,Skeletonemaceae,Thalassiosirales,Bacillariophyceae,Ochrophyta,Chromista,Eukaryota,,diatoms,,31.1802,0.80854,0.03659,19.41564,1.645251304,23.5,1.779326759,6,3.8,35,good,good
638,,40.9,14.15,marine,S. pseudocostatum,,,,CCMP2478,,peudocostatum,Skeletonema,Skeletonemaceae,Thalassiosirales,Bacillariophyceae,Ochrophyta,Chromista,Eukaryota,,diatoms,,31.88315,1.15187,0.02865,19.30232,2.002503558,22.8,2.107011035,7,3.4,35.2,good,good
639,"Narragansett Bay, RI, USA",41.57,-71.39,marine,S. pseudocostatum,,,,SpseA,,peudocostatum,Skeletonema,Skeletonemaceae,Thalassiosirales,Bacillariophyceae,Ochrophyta,Chromista,Eukaryota,,diatoms,,33.57739,0.54849,0.05851,19.23686,1.690395369,26.1,2.103634849,8,2.4,36,good,good
640,"Narragansett Bay, RI, USA",41.57,-71.39,marine,S. pseudocostatum,,,,SpseB,,peudocostatum,Skeletonema,Skeletonemaceae,Thalassiosirales,Bacillariophyceae,Ochrophyta,Chromista,Eukaryota,,diatoms,,40.04378,0.33048,0.08423,16.15455,1.288512704,27.6,2.274716901,8,-2,36.2,good,good
642,"Narragansett Bay, RI, USA",41.57,-71.39,marine,S. pseudocostatum,,,,SpseD,,peudocostatum,Skeletonema,Skeletonemaceae,Thalassiosirales,Bacillariophyceae,Ochrophyta,Chromista,Eukaryota,,diatoms,,28.66734,0.28664,0.09668,15.70828,1.308849235,23,1.963330708,8,1.4,30,good,good
643,"Narragansett Bay, RI, USA",41.57,-71.39,marine,S. pseudocostatum,,,,SpseE,,peudocostatum,Skeletonema,Skeletonemaceae,Thalassiosirales,Bacillariophyceae,Ochrophyta,Chromista,Eukaryota,,diatoms,,32.41166,1.11897,0.01476,19.98854,1.502964468,21.9,1.524464187,5,3.8,36.2,good,good
645,West Pacific,8.54,136.53,marine,,,,,GP2,,Prochlorococcus,Prochlorococcus,Synechococcaceae,Synechococcales,Cyanophyceae,Cyanobacteria,Bacteria,Prokaryota,,cyanobacteria,,18.1051,0.008351228,0.1923443,16.74737,0.21,22,0.3812637,16,7.694816,25.79991,good,good
646,North Atlantic,38.98,-40.55,marine,,,,,NATL2-M98,,Prochlorococcus,Prochlorococcus,Synechococcaceae,Synechococcales,Cyanophyceae,Cyanobacteria,Bacteria,Prokaryota,,cyanobacteria,,20.52117,0.003783633,0.2285496,15.83054,0.14,22.6,0.37,19,5.569955,26.0911,good,good
647,Sargasso Sea,26.3,-63.433,marine,,,,,MAX42Syn,,Synechococcus,Synechococcus,Synechococcaceae,Synechococcales,Cyanophyceae,Cyanobacteria,Bacteria,Prokaryota,,cyanobacteria,,21.4155,0.022527057,0.1517103,19.11427,0.41,25.1,0.697,24,8.406515,29.82202,good,good
648,Sargasso Sea,33.7413,-67.5,marine,,,,,CCMP837,,Synechococcus,Synechococcus,Synechococcaceae,Synechococcales,Cyanophyceae,Cyanobacteria,Bacteria,Prokaryota,,cyanobacteria,,13.54042,1.790982,-0.04892129,21.73302,0.6185092,20.64,0.6354756,4,14.96281,28.50324,good,good
649,North Pacific,7.5,134.5,marine,,,,,CCMP1183,,Synechococcus,Synechococcus,Synechococcaceae,Synechococcales,Cyanophyceae,Cyanobacteria,Bacteria,Prokaryota,,cyanobacteria,,14.67578,0.1940568,0.06769313,22.43516,0.8861237,24.16,0.9408449,4,15.09726,29.77305,good,good
650,East China Sea,38.6,118.65,marine,,,,,CCMP1632,,Synechococcus,Synechococcus,Synechococcaceae,Synechococcales,Cyanophyceae,Cyanobacteria,Bacteria,Prokaryota,,cyanobacteria,,11.87281,0.1879113,0.06772781,21.12677,0.7859082,22.28,0.8176846,3,15.19037,27.06315,good,good
651,﻿Kurrimine Beach,-17.73,146.114,marine,,,,,CS-259,,massartii,Amphidinium,,,,Dinophyta,Chromista,Eukaryota,,dinoflagellates,mu.rsqrlist,39.4798352,0.231638394,0.009045591,21.1252863,0.280414318,22.9,0.282648996,29,1.385369578,40.86521125,good,good
652,Azores,38.57,-28.8,marine,,,,,M10,,huxleyi,Emiliania,Noelaerhabdaceae,Isochrysidales,Coccolithophyceae,Haptophyta,Chromista,Eukaryota,,coccolithophores,,27.47466502,0.489138235,0.058920434,16.65524271,1.305027348,21.5,1.520227254,7,2.917908809,30.39257498,good,good
653,Azores,38.57,-28.8,marine,,,,,M13,,huxleyi,Emiliania,Noelaerhabdaceae,Isochrysidales,Coccolithophyceae,Haptophyta,Chromista,Eukaryota,,coccolithophores,,29.46767402,0.503965917,0.052119257,18.29162746,1.30747709,23.3,1.50132085,7,3.557789926,33.02547032,good,good
654,Azores,38.57,-28.8,marine,,,,,M19,,huxleyi,Emiliania,Noelaerhabdaceae,Isochrysidales,Coccolithophyceae,Haptophyta,Chromista,Eukaryota,,coccolithophores,,26.01370937,0.527355039,0.05513224,16.91532188,1.340038471,21.1,1.513071357,7,3.908467115,29.92217603,good,good
655,Azores,38.57,-28.8,marine,,,,,M21,,huxleyi,Emiliania,Noelaerhabdaceae,Isochrysidales,Coccolithophyceae,Haptophyta,Chromista,Eukaryota,,coccolithophores,,28.75322566,0.366393128,0.074376626,16.26503044,1.228371965,22.5,1.585762458,7,1.888417683,30.64164264,good,good
656,Azores,38.57,-28.8,marine,,,,,M22,,huxleyi,Emiliania,Noelaerhabdaceae,Isochrysidales,Coccolithophyceae,Haptophyta,Chromista,Eukaryota,,coccolithophores,,26.42819834,0.515778179,0.054966687,17.70204158,1.364712912,22,1.545538995,7,4.4879423,30.91614058,good,good
657,Azores,38.57,-28.8,marine,,,,,M23,,huxleyi,Emiliania,Noelaerhabdaceae,Isochrysidales,Coccolithophyceae,Haptophyta,Chromista,Eukaryota,,coccolithophores,,25.20719495,0.406895393,0.068657107,17.4800342,1.351114004,22.2,1.60621479,7,4.8764356,30.08362886,good,good
658,Bergen,60.3,-5.25,marine,,,,,17,,huxleyi,Emiliania,Noelaerhabdaceae,Isochrysidales,Coccolithophyceae,Haptophyta,Chromista,Eukaryota,,coccolithophores,,34.7973613,0.264288271,0.105631091,10.51228231,0.802285308,20.9,1.546830344,6,-6.886406109,27.91096282,good,good
659,Bergen,60.3,-5.25,marine,,,,,41,,huxleyi,Emiliania,Noelaerhabdaceae,Isochrysidales,Coccolithophyceae,Haptophyta,Chromista,Eukaryota,,coccolithophores,,53.47748805,0.120380793,0.165258311,1.536636809,0.155182524,22.9,1.916016423,6,-25.20211121,28.27538057,bad,good
660,Bergen,60.3,-5.25,marine,,,,,62,,huxleyi,Emiliania,Noelaerhabdaceae,Isochrysidales,Coccolithophyceae,Haptophyta,Chromista,Eukaryota,,coccolithophores,,54.37454509,0.150871236,0.152265629,1.065432412,0.177444072,22.5,1.755744892,6,-26.12182949,28.25270454,bad,good
661,Bergen,60.3,-5.25,marine,,,,,63,,huxleyi,Emiliania,Noelaerhabdaceae,Isochrysidales,Coccolithophyceae,Haptophyta,Chromista,Eukaryota,,coccolithophores,,77.18364461,0.197039936,0.151924018,-10.26665806,0.04141547,22.3,1.679221353,6,-48.85847963,28.32515392,bad,good
662,Bergen,60.3,-5.25,marine,,,,,85,,huxleyi,Emiliania,Noelaerhabdaceae,Isochrysidales,Coccolithophyceae,Haptophyta,Chromista,Eukaryota,,coccolithophores,,63.77851577,0.159681063,0.155377384,-3.644056366,0.090647152,22.5,1.726779521,6,-35.53331747,28.24520138,bad,good
663,﻿Mauritania,23.55,-19.98,marine,,,,,A15-37,,,Synechococcus,Synechococcaceae,Synechococcales,Cyanophyceae,Cyanobacteria,Bacteria,Prokaryota,,cyanobacteria,,25.56719417,0.041750243,0.117323502,26.2141982,0.904377439,33.1,1.440045664,10,13.43060114,38.99779644,good,good
664,Gulf of Mexico,27.7,-91.3,marine,,,,,M16.1,,,Synechococcus,Synechococcaceae,Synechococcales,Cyanophyceae,Cyanobacteria,Bacteria,Prokaryota,,cyanobacteria,,25.59504721,0.048649901,0.128820019,24.43203748,1.132276307,31.6,1.956467027,10,11.63451417,37.22959011,good,good
665,Sargasso Sea,33.75,-67.5,marine,,,,,WH7803,,,Synechococcus,Synechococcaceae,Synechococcales,Cyanophyceae,Cyanobacteria,Bacteria,Prokaryota,,cyanobacteria,,30.84312086,0.00197836,0.251724822,19.72098384,0.283306535,31.7,2.292015707,11,4.299423499,35.14255925,good,good
666,English Channel,48.72,-3.98,marine,,,,,ROS8604,,,Synechococcus,Synechococcaceae,Synechococcales,Cyanophyceae,Cyanobacteria,Bacteria,Prokaryota,,cyanobacteria,,18.81998433,0.114013902,0.081163621,22.61423869,0.714636409,25.8,0.819428532,8,13.20427084,32.02420441,good,good
667,Southern Norweigian Sea,60.32,-3.48,marine,,,,,MVIR-16-2,,,Synechococcus,Synechococcaceae,Synechococcales,Cyanophyceae,Cyanobacteria,Bacteria,Prokaryota,,cyanobacteria,,42.58404821,0.023522586,0.221634184,4.811174739,0.06832542,22.1,1.074124538,8,-16.48087073,26.10319857,good,good
668,Southern Norweigian Sea,61,1.98,marine,,,,,MVIR-18-1,,,Synechococcus,Synechococcaceae,Synechococcales,Cyanophyceae,Cyanobacteria,Bacteria,Prokaryota,,cyanobacteria,,53.47573314,0.019056676,0.231544852,-0.613183488,0.016534316,22.2,0.885223967,10,-27.35105059,26.12468257,bad,good
669,Southern ocean,-59,85,marine,,,,,PP.SO.17.01,,,Proboscia,Rhizosoleniaceae,Rhizosoleniales,Bacillariophyceae,Ochrophyta,Chromista,Eukaryota,,diatoms,,12.6274719,0.8007545,-0.165776,5.25253217,0.33522792,2.6,0.42852249,6,-1.0612162,11.5662405,good,good
670,Southern ocean,-58.9,91.5,marine,,,,,NST.DS.16.01,,stellata,Nitzschia,,,Bacillariophyceae,Ochrophyta,Chromista,Eukaryota,,diatoms,,15.1217759,0.95523233,-0.0316034,4.19172906,0.83671362,3.3,0.84865782,12,-3.3691566,11.7526011,good,good
671,Southern ocean,-62,85,marine,,,,,PN.004,,,Pseudo-nitzschia,Bacillariaceae,Bacillariales,Bacillariophyceae,Ochrophyta,Chromista,Eukaryota,,diatoms,,15.4337851,0.61054084,0.04510096,5.55636999,0.78441858,6.9,0.80815718,10,-2.1605487,13.2732606,good,good
672,Southern ocean,-65,79,marine,,,,,CN.001,,neglectus,Chaetoceros,Chaetocerotaceae,Chaetocerotales,Bacillariophyceae,Ochrophyta,Chromista,Eukaryota,,diatoms,,31.2701962,0.20659913,0.10271076,8.19260702,0.47926288,16.9,0.80860273,15,-7.4424913,23.8277051,bad,good
673,"Narragansett Bay, RI, USA",41.57,-71.39,marine,,,,,LA101,,Synechococcus,Synechococcus,Synechococcaceae,Synechococcales,Cyanophyceae,Cyanobacteria,Bacteria,Prokaryota,,cyanobacteria,,16.12307,0.006493406,0.1550259,27.19166,0.439747,31.1,0.6165604,22,19.13011,35.25319,good,good
674,"Narragansett Bay, RI, USA",41.57,-71.39,marine,,,,,LA103,,Synechococcus,Synechococcus,Synechococcaceae,Synechococcales,Cyanophyceae,Cyanobacteria,Bacteria,Prokaryota,,cyanobacteria,,19.56452,0.003069923,0.18693746,25.47858,0.3594426,31.3,0.6892595,26,15.69632,35.26083,good,good
675,"Narragansett Bay, RI, USA",41.57,-71.39,marine,,,,,LA117,,Synechococcus,Synechococcus,Synechococcaceae,Synechococcales,Cyanophyceae,Cyanobacteria,Bacteria,Prokaryota,,cyanobacteria,,26.22555,0.108285426,0.04316609,23.35875,0.2968053,26.8,0.3206221,28,10.24595,36.47152,good,good
676,"Narragansett Bay, RI, USA",41.57,-71.39,marine,,,,,LA126,,Synechococcus,Synechococcus,Synechococcaceae,Synechococcales,Cyanophyceae,Cyanobacteria,Bacteria,Prokaryota,,cyanobacteria,,19.20118,0.146108944,0.03921543,26.96934,0.4207197,28.7,0.4356329,27,17.36877,36.56994,good,good
677,"Narragansett Bay, RI, USA",41.57,-71.39,marine,,,,,LA127,,Synechococcus,Synechococcus,Synechococcaceae,Synechococcales,Cyanophyceae,Cyanobacteria,Bacteria,Prokaryota,,cyanobacteria,,24.87262,0.036042036,0.11459557,22.91792,0.4981884,29.4,0.7626439,30,10.48161,35.35423,good,good
678,"Narragansett Bay, RI, USA",41.57,-71.39,marine,,,,,LA20,,Synechococcus,Synechococcus,Synechococcaceae,Synechococcales,Cyanophyceae,Cyanobacteria,Bacteria,Prokaryota,,cyanobacteria,,18.84489,0.006014763,0.17274491,24.53909,0.4170561,29.8,0.7122475,27,15.11665,33.96154,good,good
679,"Narragansett Bay, RI, USA",41.57,-71.39,marine,,,,,LA21,,Synechococcus,Synechococcus,Synechococcaceae,Synechococcales,Cyanophyceae,Cyanobacteria,Bacteria,Prokaryota,,cyanobacteria,,22.48927,0.036231095,0.08544877,22.35598,0.244743,26.9,0.3019309,23,11.11137,33.60061,good,good
680,"Narragansett Bay, RI, USA",41.57,-71.39,marine,,,,,LA27,,Synechococcus,Synechococcus,Synechococcaceae,Synechococcales,Cyanophyceae,Cyanobacteria,Bacteria,Prokaryota,,cyanobacteria,,18.48615,0.203294317,0.02808227,23.7355,0.3959158,24.9,0.4025839,15,14.49241,32.97858,good,good
681,"Narragansett Bay, RI, USA",41.57,-71.39,marine,,,,,LA29,,Synechococcus,Synechococcus,Synechococcaceae,Synechococcales,Cyanophyceae,Cyanobacteria,Bacteria,Prokaryota,,cyanobacteria,,19.52064,0.089155845,0.06672668,24.53335,0.4582501,27.4,0.506987,18,14.77303,34.29367,good,good
682,"Narragansett Bay, RI, USA",41.57,-71.39,marine,,,,,LA3,,Synechococcus,Synechococcus,Synechococcaceae,Synechococcales,Cyanophyceae,Cyanobacteria,Bacteria,Prokaryota,,cyanobacteria,,21.77613,0.026140507,0.11235578,22.85131,0.3406864,28,0.4717016,27,11.96324,33.73935,good,good
683,"Narragansett Bay, RI, USA",41.57,-71.39,marine,,,,,LA31,,Synechococcus,Synechococcus,Synechococcaceae,Synechococcales,Cyanophyceae,Cyanobacteria,Bacteria,Prokaryota,,cyanobacteria,,15.90697,0.033147741,0.1151674,23.96712,0.5238497,27.1,0.6348606,22,16.01361,31.9206,good,good
684,Persian Gulf,28,-50,marine,,,,,CCMP200,,simplex,Chaetoceros,Chaetocerotaceae,Chaetocerotales,Bacillariophyceae,Ochrophyta,Chromista,Eukaryota,,diatoms,,53.93994,0.0390181,0.1436228,7.255893,0.110624,28.1,0.8891068,26,-19.71406,34.22586,bad,good